store_id,week_start,policy,demand,sold,lost_units,ending_stock,holding_cost,stockout_cost,revenue,factor,capacity_multiplier,mode
CA_1,2016-03-28,Rule of thumb,15318.0,12676.5,2641.5,2051.5,98.79955045461654,2086.535783959712,31925.164940446615,1.0,1.0,lead time 0
CA_1,2016-04-04,Rule of thumb,16078.0,13078.925344093856,2999.074655906146,1649.0746559061458,81.94429161734531,2237.393430757933,33051.31328748385,1.0,1.0,lead time 0
CA_1,2016-04-11,Rule of thumb,14891.0,12666.592392765531,2224.407607234468,2061.407607234467,97.47137941004752,1755.4839081911955,32269.36264036,1.0,1.0,lead time 0
CA_1,2016-04-18,Rule of thumb,15342.0,12655.813656015958,2686.1863439840413,2072.1863439840413,96.17419406768514,2146.9235468980783,32278.90812657372,1.0,1.0,lead time 0
CA_1,2016-04-25,Rule of thumb,15560.0,12673.853312900243,2886.1466870997556,2054.146687099755,94.02756037421145,2167.144318240179,32407.029848370734,1.0,1.0,lead time 0
CA_1,2016-05-02,Rule of thumb,16586.0,12846.759071468532,3739.240928531468,1881.2409285314684,87.69332082058251,2918.8350689089434,32700.838299571853,1.0,1.0,lead time 0
CA_1,2016-05-09,Rule of thumb,17114.0,13085.642674789819,4028.357325210181,1642.3573252101799,80.98929596241739,3072.7492247225973,33263.998252882135,1.0,1.0,lead time 0
CA_1,2016-05-16,Rule of thumb,16739.0,13074.139499841836,3664.8605001581636,1653.8605001581636,81.16043274529261,2738.290087873123,33282.230639317364,1.0,1.0,lead time 0
CA_1,2016-05-23,Rule of thumb,15914.0,12708.362212755328,3205.637787244672,2019.6377872446703,111.09018840777715,2468.9469559318686,31662.193918628916,1.0,1.0,lead time 0
CA_1,2016-05-30,Rule of thumb,17326.0,12487.045615822686,4838.954384177313,2240.9543841773143,144.51785143788265,3213.7445153865237,29940.518284011872,1.0,1.0,lead time 0
CA_1,2016-06-06,Rule of thumb,16447.0,11912.637235574668,4534.362764425332,2815.3627644253306,174.2657856172808,2917.393815754935,28357.959678800526,1.0,1.0,lead time 0
CA_1,2016-06-13,Rule of thumb,15703.0,11813.765892711552,3889.234107288449,2914.234107288449,180.9610104912809,2858.4954923000423,27387.034568332234,1.0,1.0,lead time 0
CA_2,2016-03-28,Rule of thumb,13982.0,11020.0,2962.0,1605.0,67.52071438231638,2405.147998384493,27338.309950739145,1.0,1.0,lead time 0
CA_2,2016-04-04,Rule of thumb,14026.0,11129.691586838817,2896.3084131611827,1495.308413161183,55.72515990536144,2419.7244091091907,28160.641922934257,1.0,1.0,lead time 0
CA_2,2016-04-11,Rule of thumb,13354.0,10895.457178065531,2458.542821934469,1729.5428219344674,72.46684800095402,1881.8384177613168,27613.692384990652,1.0,1.0,lead time 0
CA_2,2016-04-18,Rule of thumb,13787.0,10993.707542973181,2793.2924570268206,1631.292457026821,66.51917101302756,2181.740910519417,27934.348831501848,1.0,1.0,lead time 0
CA_2,2016-04-25,Rule of thumb,13713.0,10684.257916801502,3028.742083198498,1940.742083198498,83.51085944929451,2431.9495074204397,27259.355871799322,1.0,1.0,lead time 0
CA_2,2016-05-02,Rule of thumb,14097.0,10884.802057076586,3212.197942923415,1740.1979429234152,76.01840304059246,2503.5785148321647,27690.755366481797,1.0,1.0,lead time 0
CA_2,2016-05-09,Rule of thumb,14330.0,11029.780697394166,3300.219302605834,1595.219302605833,63.43438849496313,2589.424129826573,28266.23047251113,1.0,1.0,lead time 0
CA_2,2016-05-16,Rule of thumb,14992.0,11257.939361911729,3734.060638088269,1367.0606380882673,56.86566464952722,2937.9378845290826,28664.403683696695,1.0,1.0,lead time 0
CA_2,2016-05-23,Rule of thumb,14922.0,10934.10903305012,3987.8909669498807,1690.8909669498817,80.16855884624071,2838.1745410942513,27628.435302868515,1.0,1.0,lead time 0
CA_2,2016-05-30,Rule of thumb,16183.0,10954.344183223944,5228.655816776057,1670.6558167760545,101.38089073214401,3434.1442694015714,26422.042421676248,1.0,1.0,lead time 0
CA_2,2016-06-06,Rule of thumb,15360.0,10329.613029967964,5030.386970032034,2295.3869700320342,142.5940871489808,3026.597717541534,24515.599522306547,1.0,1.0,lead time 0
CA_2,2016-06-13,Rule of thumb,14503.0,10257.137108280536,4245.862891719464,2367.8628917194637,143.6628536512326,2792.6085552906025,23830.670539307914,1.0,1.0,lead time 0
CA_3,2016-03-28,Rule of thumb,20003.0,17609.75,2393.25,3487.5,159.04405034508028,1914.821892068216,42606.497405009606,1.0,1.0,lead time 0
CA_3,2016-04-04,Rule of thumb,21877.0,18182.0,3695.0,2731.0,121.4100356740611,2718.9443552536623,44729.21777570248,1.0,1.0,lead time 0
CA_3,2016-04-11,Rule of thumb,20212.0,17579.566898296915,2632.4331017030854,3517.683101703085,149.70911391838854,2047.998953637698,43941.945297667655,1.0,1.0,lead time 0
CA_3,2016-04-18,Rule of thumb,19207.0,17125.284796611653,2081.7152033883485,3971.965203388348,170.61026278191736,1726.4837209839814,42827.68989914588,1.0,1.0,lead time 0
CA_3,2016-04-25,Rule of thumb,18634.0,16566.259632559646,2067.740367440352,4530.990367440352,197.9571859048657,1682.9441999698984,41466.577347721504,1.0,1.0,lead time 0
CA_3,2016-05-02,Rule of thumb,19547.0,17169.213768566242,2377.7862314337585,3920.3725721307515,170.16875969724907,1946.2350394957002,42968.41694415707,1.0,1.0,lead time 0
CA_3,2016-05-09,Rule of thumb,19934.0,17087.4697357814,2846.5302642185975,3457.0721490137703,149.39354804829827,2379.013647953016,42915.515907066496,1.0,1.0,lead time 0
CA_3,2016-05-16,Rule of thumb,19252.0,16720.021508142825,2531.9784918571763,3775.8396196274375,179.45800227905275,1752.1043469644035,41610.46213119015,1.0,1.0,lead time 0
CA_3,2016-05-23,Rule of thumb,19322.0,16518.67054316712,2803.3294568328783,3923.4190764603154,198.34989544147624,1854.2423609349532,40281.203509024504,1.0,1.0,lead time 0
CA_3,2016-05-30,Rule of thumb,21019.0,16640.25,4378.75,3913.205675776785,234.3053304648109,3013.199679542439,38308.85819007669,1.0,1.0,lead time 0
CA_3,2016-06-06,Rule of thumb,21211.0,16239.833626914311,4971.166373085689,4309.872048862474,258.09531137953957,2848.0070796740006,37267.48308483364,1.0,1.0,lead time 0
CA_3,2016-06-13,Rule of thumb,18399.0,15779.28280923872,2619.7171907612774,5317.967190761277,287.5213607223195,1839.476790004766,35937.78927061739,1.0,1.0,lead time 0
CA_4,2016-03-28,Rule of thumb,7788.0,6354.5,1433.5,1528.5,77.28621414418731,1098.0848599504147,16320.11998654902,1.0,1.0,lead time 0
CA_4,2016-04-04,Rule of thumb,8100.0,6529.723345983802,1570.2766540161979,1353.2766540161979,59.52470765874766,1374.7513115820148,17229.61561968601,1.0,1.0,lead time 0
CA_4,2016-04-11,Rule of thumb,7719.0,6309.671987162579,1409.3280128374206,1573.3280128374222,73.06585310607116,1103.46882564733,16641.57342507836,1.0,1.0,lead time 0
CA_4,2016-04-18,Rule of thumb,8561.0,6618.801886636087,1942.1981133639124,1264.1981133639124,57.90236096320709,1658.5157889460993,17349.6940001217,1.0,1.0,lead time 0
CA_4,2016-04-25,Rule of thumb,8103.0,6554.657726046833,1548.3422739531666,1328.3422739531657,61.96878465644839,1262.5965765789163,17418.19185507652,1.0,1.0,lead time 0
CA_4,2016-05-02,Rule of thumb,8048.0,6424.001991502062,1623.9980084979381,1458.9980084979384,72.02242650405906,1306.1266395729604,17093.491649832387,1.0,1.0,lead time 0
CA_4,2016-05-09,Rule of thumb,8671.0,6698.567470411054,1972.4325295889455,1184.432529588946,60.52903026026307,1478.9953006578887,17657.12707676898,1.0,1.0,lead time 0
CA_4,2016-05-16,Rule of thumb,8531.0,6720.299327270312,1810.7006727296884,1162.700672729688,62.732498985600635,1342.5517348556837,17522.59182410752,1.0,1.0,lead time 0
CA_4,2016-05-23,Rule of thumb,8402.0,6636.867767758682,1765.1322322413187,1246.1322322413175,65.04984689160648,1354.8506333890039,17262.50976460806,1.0,1.0,lead time 0
CA_4,2016-05-30,Rule of thumb,8988.0,6480.783171124091,2507.2168288759103,1402.2168288759094,84.46559192053292,1741.0480137812604,16134.796596849128,1.0,1.0,lead time 0
CA_4,2016-06-06,Rule of thumb,8393.0,6230.94840162328,2162.051598376721,1652.0515983767204,101.57626222643515,1484.431529948301,15189.599193985356,1.0,1.0,lead time 0
CA_4,2016-06-13,Rule of thumb,8101.0,6149.884217337967,1951.1157826620324,1733.115782662033,101.31576923653873,1446.2716613578382,15050.231598242262,1.0,1.0,lead time 0
CA_1,2016-03-28,ML point,15318.0,12866.017969590837,2451.9820304091636,1861.9820304091654,87.88821750820527,1875.949191837005,32627.120247522307,1.1,1.0,lead time 0
CA_1,2016-04-04,ML point,16078.0,13071.306165873335,3006.693834126665,1656.693834126663,84.57201412702102,2293.837331325213,32863.16695225958,1.1,1.0,lead time 0
CA_1,2016-04-11,ML point,14891.0,12768.26500929835,2122.734990701652,1959.7349907016505,88.54515275533379,1698.9212498992679,32457.90483466642,1.1,1.0,lead time 0
CA_1,2016-04-18,ML point,15342.0,12836.835180904347,2505.164819095653,1891.1648190956523,89.60421190612414,2021.9866937232712,32695.364303823084,1.1,1.0,lead time 0
CA_1,2016-04-25,ML point,15560.0,12897.153270264884,2662.8467297351153,1830.8467297351137,85.19775151378812,1979.7200993236952,33031.77724475902,1.1,1.0,lead time 0
CA_1,2016-05-02,ML point,16586.0,13033.26856601949,3552.7314339805107,1694.7314339805107,82.0066027122036,2821.4435384638737,33025.47673438875,1.1,1.0,lead time 0
CA_1,2016-05-09,ML point,17114.0,13215.618797173422,3898.3812028265793,1512.3812028265797,75.81445590820367,2904.5213976987843,33824.757676294845,1.1,1.0,lead time 0
CA_1,2016-05-16,ML point,16739.0,12971.397035445352,3767.6029645546478,1756.6029645546464,90.2124881488995,2823.238073453711,32999.07068738207,1.1,1.0,lead time 0
CA_1,2016-05-23,ML point,15914.0,12764.42102613493,3149.578973865069,1963.57897386507,112.4320504656699,2431.4432671777195,31787.206214476082,1.1,1.0,lead time 0
CA_1,2016-05-30,ML point,17326.0,12303.29803586973,5022.70196413027,2424.7019641302677,158.40410419103998,3385.2890703290154,29368.703100870232,1.1,1.0,lead time 0
CA_1,2016-06-06,ML point,16447.0,11848.88865411915,4598.111345880849,2879.111345880847,178.6630015665633,3267.319048743733,27191.54223550453,1.1,1.0,lead time 0
CA_1,2016-06-13,ML point,15703.0,11838.390124138004,3864.609875861994,2889.6098758619946,169.3457006805844,2817.187051519264,27524.72937093483,1.1,1.0,lead time 0
CA_2,2016-03-28,ML point,13982.0,11158.48856396831,2823.5114360316893,1466.5114360316888,64.32655005653612,2297.450268119222,27697.30238495671,1.1,1.0,lead time 0
CA_2,2016-04-04,ML point,14026.0,11267.388312064857,2758.611687935142,1357.6116879351414,56.62299968263998,2295.652021448718,28574.216548469165,1.1,1.0,lead time 0
CA_2,2016-04-11,ML point,13354.0,11008.956272804244,2345.0437271957558,1616.043727195756,73.52206651606178,1775.934583395308,27966.705166210686,1.1,1.0,lead time 0
CA_2,2016-04-18,ML point,13787.0,11176.118335080168,2610.8816649198325,1448.8816649198325,66.46329461093306,2096.7270692194884,28217.728302501604,1.1,1.0,lead time 0
CA_2,2016-04-25,ML point,13713.0,10910.56123014212,2802.438769857878,1714.4387698578787,76.4182065693949,2303.4164996825048,27687.79923092578,1.1,1.0,lead time 0
CA_2,2016-05-02,ML point,14097.0,11164.970641807471,2932.029358192528,1460.0293581925257,69.73532146645779,2358.720891748192,28173.61411009504,1.1,1.0,lead time 0
CA_2,2016-05-09,ML point,14330.0,11266.981544895094,3063.018455104907,1358.0184551049074,58.90211982256377,2429.824079358519,28798.230640737977,1.1,1.0,lead time 0
CA_2,2016-05-16,ML point,14992.0,11438.102258878793,3553.897741121207,1186.897741121208,55.40810777469373,2817.098412591654,29067.20192348812,1.1,1.0,lead time 0
CA_2,2016-05-23,ML point,14922.0,11190.10541674522,3731.8945832547784,1434.89458325478,74.28798796247551,2709.9295774608054,28055.91851498,1.1,1.0,lead time 0
CA_2,2016-05-30,ML point,16183.0,10929.668563033596,5253.331436966404,1695.331436966404,103.52736602967295,3496.6121465818796,26213.816164408552,1.1,1.0,lead time 0
CA_2,2016-06-06,ML point,15360.0,10481.102094787599,4878.8979052124005,2143.8979052123996,132.84825225153597,3287.9277020786853,23644.499573849374,1.1,1.0,lead time 0
CA_2,2016-06-13,ML point,14503.0,10452.485096000384,4050.5149039996163,2172.5149039996168,129.10067836491825,2817.699238907186,23747.034927252636,1.1,1.0,lead time 0
CA_3,2016-03-28,ML point,20003.0,17798.938836541325,2204.061163458673,3298.3111634586735,164.1049541140279,1622.7084879486965,43580.20875207467,1.1,1.0,lead time 0
CA_3,2016-04-04,ML point,21877.0,18701.600176262342,3175.399823737662,2395.64982373766,117.9881504610739,2307.2928042580966,46101.38961235437,1.1,1.0,lead time 0
CA_3,2016-04-11,ML point,20212.0,18048.79014545586,2163.2098545441386,3048.4598545441427,141.22819616113688,1734.6426486881062,44986.46631416629,1.1,1.0,lead time 0
CA_3,2016-04-18,ML point,19207.0,17398.227323043848,1808.7726769561518,3699.022676956151,174.76917238972257,1440.084302570448,43782.35462719099,1.1,1.0,lead time 0
CA_3,2016-04-25,ML point,18634.0,17064.88758659359,1569.112413406407,4032.362413406405,188.81521938109492,1279.6794849970747,42810.793064297584,1.1,1.0,lead time 0
CA_3,2016-05-02,ML point,19547.0,17560.26845534683,1986.7315446531677,3536.981544653167,169.4005667428878,1641.5082184631533,43984.173014265565,1.1,1.0,lead time 0
CA_3,2016-05-09,ML point,19934.0,17632.505266482694,2301.4947335173065,3464.744733517304,166.62712879547976,1768.4784043174022,44950.63338585188,1.1,1.0,lead time 0
CA_3,2016-05-16,ML point,19252.0,17270.98678954754,1981.0132104524582,3826.263210452458,211.24620076182538,1250.9128006606907,43281.1006188692,1.1,1.0,lead time 0
CA_3,2016-05-23,ML point,19322.0,17149.306776258483,2172.6932237415176,3947.9432237415167,222.2870305604662,1385.4408698526697,41843.875145965445,1.1,1.0,lead time 0
CA_3,2016-05-30,ML point,21019.0,16855.815821638702,4163.184178361298,4241.434178361297,253.04857471692978,2775.726029771705,39100.4370226458,1.1,1.0,lead time 0
CA_3,2016-06-06,ML point,21211.0,16607.711434288263,4603.2885657117395,4489.53856571174,266.8091986418183,2863.5956792896886,37215.52108611468,1.1,1.0,lead time 0
CA_3,2016-06-13,ML point,18399.0,15781.400501835924,2617.599498164075,5315.849498164072,280.3600996086509,1949.5428396082075,35570.90243860592,1.1,1.0,lead time 0
CA_4,2016-03-28,ML point,7788.0,6385.749015749521,1402.250984250479,1497.2509842504785,74.56160135868382,1101.7696166918338,16307.837464077622,1.1,1.0,lead time 0
CA_4,2016-04-04,ML point,8100.0,6578.781088144298,1521.2189118557021,1304.2189118557021,56.2211805873433,1330.9011541503432,17375.78281112491,1.1,1.0,lead time 0
CA_4,2016-04-11,ML point,7719.0,6364.023225105337,1354.9767748946633,1518.976774894663,69.9678437362746,1072.4195000655545,16745.071177017613,1.1,1.0,lead time 0
CA_4,2016-04-18,ML point,8561.0,6657.408225373498,1903.5917746265027,1225.5917746265025,55.38952249534605,1604.3682574698905,17530.18577170906,1.1,1.0,lead time 0
CA_4,2016-04-25,ML point,8103.0,6617.165970554694,1485.834029445307,1265.8340294453074,58.75797331169851,1247.4314851796257,17468.742159740817,1.1,1.0,lead time 0
CA_4,2016-05-02,ML point,8048.0,6481.7004853929275,1566.2995146070725,1401.299514607073,67.45950172256374,1312.463944646739,17072.36729958646,1.1,1.0,lead time 0
CA_4,2016-05-09,ML point,8671.0,6704.584788233955,1966.415211766045,1178.415211766044,58.976025147745645,1448.5684384338938,17758.54995084896,1.1,1.0,lead time 0
CA_4,2016-05-16,ML point,8531.0,6734.549815075154,1796.4501849248468,1148.4501849248466,61.360921628800455,1344.8110176447171,17515.06088147741,1.1,1.0,lead time 0
CA_4,2016-05-23,ML point,8402.0,6566.0038360595345,1835.9961639404655,1316.9961639404669,67.59570890069345,1378.7013599446352,17183.007342755955,1.1,1.0,lead time 0
CA_4,2016-05-30,ML point,8988.0,6464.731782679499,2523.268217320501,1418.2682173205021,85.10714884810918,1768.7710340557583,16042.386529267469,1.1,1.0,lead time 0
CA_4,2016-06-06,ML point,8393.0,6206.963346507624,2186.036653492375,1676.0366534923744,101.64057299769999,1609.2535965249317,14773.52563872992,1.1,1.0,lead time 0
CA_4,2016-06-13,ML point,8101.0,6154.860581535995,1946.1394184640055,1728.1394184640067,99.03050227285377,1517.43250976368,14813.028770222789,1.1,1.0,lead time 0
CA_1,2016-03-28,ML newsvendor,15318.0,12334.605072623257,2983.3949273767425,2393.394927376743,115.33785411367995,2239.19898164644,31416.28761482419,,1.0,lead time 0
CA_1,2016-04-04,ML newsvendor,16078.0,12146.084120067753,3931.9158799322468,2581.9158799322486,128.20823345064537,2910.0617820308858,30809.08544990734,,1.0,lead time 0
CA_1,2016-04-11,ML newsvendor,14891.0,11854.84122627648,3036.1587737235195,2873.158773723522,135.1933624413544,2317.0222171009536,30397.56827732747,,1.0,lead time 0
CA_1,2016-04-18,ML newsvendor,15342.0,12075.21663049606,3266.7833695039412,2652.783369503944,124.6705051249492,2530.59353888251,31000.008153292285,,1.0,lead time 0
CA_1,2016-04-25,ML newsvendor,15560.0,11864.698825886791,3695.3011741132086,2863.301174113207,134.15803236527032,2739.051553358592,30500.672397976025,,1.0,lead time 0
CA_1,2016-05-02,ML newsvendor,16586.0,12213.695562501229,4372.304437498771,2514.3044374987703,116.45494049616946,3361.2763229298534,31226.034119502154,,1.0,lead time 0
CA_1,2016-05-09,ML newsvendor,17114.0,12390.946988258524,4723.053011741478,2337.053011741479,111.71318942743045,3441.826202987084,32033.741658667182,,1.0,lead time 0
CA_1,2016-05-16,ML newsvendor,16739.0,12242.531758867608,4496.468241132392,2485.468241132393,123.02269702135234,3309.802706804594,31377.18857621246,,1.0,lead time 0
CA_1,2016-05-23,ML newsvendor,15914.0,11861.61269900874,4052.3873009912604,2866.3873009912604,154.44723966517785,3025.468858261257,29807.120910864287,,1.0,lead time 0
CA_1,2016-05-30,ML newsvendor,17326.0,11475.879025005805,5850.1209749941945,3252.120974994195,199.60938709715197,3941.676105265982,27514.07965108035,,1.0,lead time 0
CA_1,2016-06-06,ML newsvendor,16447.0,10838.207395131569,5608.792604868433,3889.7926048684326,240.2417822708372,3759.895856543516,25549.619542838587,,1.0,lead time 0
CA_1,2016-06-13,ML newsvendor,15703.0,10663.236700176505,5039.763299823495,4064.763299823496,238.52567449521916,3404.5132322913823,25566.975435027765,,1.0,lead time 0
CA_2,2016-03-28,ML newsvendor,13982.0,10871.2125274675,3110.7874725325014,1753.7874725324987,81.61229764261304,2437.5430242397592,27230.326531221588,,1.0,lead time 0
CA_2,2016-04-04,ML newsvendor,14026.0,10649.145763362318,3376.8542366376823,1975.8542366376842,82.53659382676278,2626.088055680906,27472.763101028537,,1.0,lead time 0
CA_2,2016-04-11,ML newsvendor,13354.0,10398.644077772691,2955.355922227308,2226.3559222273093,98.02654014942684,2186.6493904674358,26597.655809303593,,1.0,lead time 0
CA_2,2016-04-18,ML newsvendor,13787.0,10433.92449553835,3353.075504461651,2191.075504461653,94.78700193354732,2521.561816722336,26801.61247749211,,1.0,lead time 0
CA_2,2016-04-25,ML newsvendor,13713.0,10260.222747676456,3452.777252323543,2364.7772523235435,103.38582088440307,2700.890990133147,26362.88426275697,,1.0,lead time 0
CA_2,2016-05-02,ML newsvendor,14097.0,10526.762696071157,3570.237303928843,2098.237303928843,95.90458972120206,2747.3937107057873,26878.038046903053,,1.0,lead time 0
CA_2,2016-05-09,ML newsvendor,14330.0,10552.645938889778,3777.3540611102226,2072.354061110222,91.01633980279448,2844.5252930074357,27415.893261908255,,1.0,lead time 0
CA_2,2016-05-16,ML newsvendor,14992.0,10803.000072758226,4188.999927241774,1821.999927241771,82.73887322434906,3191.5225644669827,27819.121417237024,,1.0,lead time 0
CA_2,2016-05-23,ML newsvendor,14922.0,10491.124133163277,4430.875866836722,2133.8758668367213,104.07657800091206,3129.836526123069,26656.228686105795,,1.0,lead time 0
CA_2,2016-05-30,ML newsvendor,16183.0,10417.232589818417,5765.767410181584,2207.767410181583,130.84550013775416,3901.384357177287,24864.575462423865,,1.0,lead time 0
CA_2,2016-06-06,ML newsvendor,15360.0,9842.704840471502,5517.295159528498,2782.295159528497,174.42889069270927,3602.325271247232,22596.507676620884,,1.0,lead time 0
CA_2,2016-06-13,ML newsvendor,14503.0,9638.346052537352,4864.653947462647,2986.653947462645,176.45486307330307,3169.331759536632,22574.926525154486,,1.0,lead time 0
CA_3,2016-03-28,ML newsvendor,20003.0,17381.7346850194,2621.265314980599,3715.515314980599,180.2714838875088,1853.3566981506747,42811.38138473475,,1.0,lead time 0
CA_3,2016-04-04,ML newsvendor,21877.0,17526.131073102915,4350.868926897086,3571.118926897085,177.99310156548773,3203.1074971394864,43115.34063608307,,1.0,lead time 0
CA_3,2016-04-11,ML newsvendor,20212.0,16991.977878989524,3220.0221210104737,4105.2721210104755,192.18083796113302,2509.825890245644,42402.52217564116,,1.0,lead time 0
CA_3,2016-04-18,ML newsvendor,19207.0,16476.881905994567,2730.1180940054364,4620.368094005437,211.84018424128047,2123.804850710348,41503.28613339132,,1.0,lead time 0
CA_3,2016-04-25,ML newsvendor,18634.0,15970.216008821495,2663.783991178505,5127.033991178505,235.82139507061672,2064.6329800746717,40194.28141403893,,1.0,lead time 0
CA_3,2016-05-02,ML newsvendor,19547.0,16738.212066161108,2808.7879338388916,4359.037933838892,200.50979767626544,2180.6022440847887,42187.19292886012,,1.0,lead time 0
CA_3,2016-05-09,ML newsvendor,19934.0,16620.428478824284,3313.571521175716,4476.821521175714,203.69875009784522,2479.353277860585,42581.050474041265,,1.0,lead time 0
CA_3,2016-05-16,ML newsvendor,19252.0,16381.52737876805,2870.47262123195,4715.722621231954,242.54353297002902,1872.48998067003,41209.17668550473,,1.0,lead time 0
CA_3,2016-05-23,ML newsvendor,19322.0,15923.02169024825,3398.978309751751,5174.22830975175,279.7014957083502,2191.579203651409,39156.74736663632,,1.0,lead time 0
CA_3,2016-05-30,ML newsvendor,21019.0,15539.354244468705,5479.645755531297,5557.895755531297,311.14232778700983,3594.5882200650994,36370.89638833449,,1.0,lead time 0
CA_3,2016-06-06,ML newsvendor,21211.0,15480.673001538422,5730.326998461578,5616.576998461576,339.60346955207945,3583.8965906795684,34814.51804814841,,1.0,lead time 0
CA_3,2016-06-13,ML newsvendor,18399.0,14834.986443588208,3564.013556411792,6262.263556411792,342.93244163802785,2307.5012649211044,34377.70768756293,,1.0,lead time 0
CA_4,2016-03-28,ML newsvendor,7788.0,6206.227493946937,1581.7725060530627,1676.772506053063,83.05193353967914,1238.5450690949367,15851.919289400612,,1.0,lead time 0
CA_4,2016-04-04,ML newsvendor,8100.0,6088.200309549214,2011.7996904507863,1794.7996904507868,77.44514944536749,1686.3902165702168,16190.819269725336,,1.0,lead time 0
CA_4,2016-04-11,ML newsvendor,7719.0,5901.476735186593,1817.523264813407,1981.523264813407,88.79352048128823,1458.7883807183389,15457.174908174995,,1.0,lead time 0
CA_4,2016-04-18,ML newsvendor,8561.0,6091.510874272694,2469.4891257273057,1791.4891257273061,77.57987035148227,2058.884386465545,16015.132008390214,,1.0,lead time 0
CA_4,2016-04-25,ML newsvendor,8103.0,6100.178559135911,2002.8214408640883,1782.8214408640883,77.1742987405826,1647.4620303722118,16135.307009098866,,1.0,lead time 0
CA_4,2016-05-02,ML newsvendor,8048.0,5970.919348788058,2077.080651211942,1912.0806512119414,83.02320037801948,1666.4214405628293,15892.508979866157,,1.0,lead time 0
CA_4,2016-05-09,ML newsvendor,8671.0,6106.145590628168,2564.854409371832,1776.8544093718317,80.21338055641095,1935.6761039442872,16134.857732480983,,1.0,lead time 0
CA_4,2016-05-16,ML newsvendor,8531.0,6167.796283433676,2363.203716566325,1715.203716566325,79.87822625265058,1754.8397424434138,16148.298465481752,,1.0,lead time 0
CA_4,2016-05-23,ML newsvendor,8402.0,5963.567843777786,2438.432156222214,1919.4321562222137,87.3948190491074,1803.61619125944,15766.624571706609,,1.0,lead time 0
CA_4,2016-05-30,ML newsvendor,8988.0,5937.960915657843,3050.0390843421574,1945.039084342157,103.5456017639068,2154.8495537935332,14755.45813014155,,1.0,lead time 0
CA_4,2016-06-06,ML newsvendor,8393.0,5748.925921880036,2644.0740781199647,2134.0740781199643,125.8265495858145,1923.7872068680115,13725.080270919654,,1.0,lead time 0
CA_4,2016-06-13,ML newsvendor,8101.0,5642.240344975444,2458.759655024556,2240.7596550245567,129.16644454473507,1793.2950704508212,13893.486901265653,,1.0,lead time 0
CA_1,2016-03-28,ML + LP,15318.0,12295.712570031425,3022.287429968575,2432.2874299685773,164.3053016549693,1410.908943626136,34177.2544082252,,1.0,lead time 0
CA_1,2016-04-04,ML + LP,16078.0,12438.71741180454,3639.282588195459,2289.282588195455,161.6412181434126,1721.6403401772366,34770.49025608617,,1.0,lead time 0
CA_1,2016-04-11,ML + LP,14891.0,12290.395738342868,2600.604261657131,2437.6042616571226,164.92197470006082,1231.8011498939534,34014.97183468414,,1.0,lead time 0
CA_1,2016-04-18,ML + LP,15342.0,12404.23664908619,2937.7633509138104,2323.763350913807,158.8725862276802,1528.2026171926045,34341.31122559197,,1.0,lead time 0
CA_1,2016-04-25,ML + LP,15560.0,12185.569803965664,3374.4301960343355,2542.430196034332,171.5729118205288,1463.9138504329103,34751.131407728295,,1.0,lead time 0
CA_1,2016-05-02,ML + LP,16586.0,12277.524786569416,4308.4752134305845,2450.475213430601,172.77031585368877,2109.389030821013,35398.991759864955,,1.0,lead time 0
CA_1,2016-05-09,ML + LP,17114.0,12578.539349404004,4535.460650595996,2149.460650596002,159.486915312394,2135.276736363643,36388.906547411985,,1.0,lead time 0
CA_1,2016-05-16,ML + LP,16739.0,12391.445545622448,4347.554454377552,2336.5544543775495,166.27156000339443,2008.4773009097805,35714.93992919517,,1.0,lead time 0
CA_1,2016-05-23,ML + LP,15914.0,12106.268486997487,3807.731513002513,2621.7315130025054,201.06025363832651,1763.5001790065244,34013.68317504673,,1.0,lead time 0
CA_1,2016-05-30,ML + LP,17326.0,11369.876464001363,5956.1235359986385,3358.1235359986586,247.13649308208002,2563.0392124939553,32109.535960320434,,1.0,lead time 0
CA_1,2016-06-06,ML + LP,16447.0,10802.201169881062,5644.79883011894,3925.798830118933,274.75665503272535,2222.9536634253227,30672.760186565898,,1.0,lead time 0
CA_1,2016-06-13,ML + LP,15703.0,10775.781147226162,4927.218852773838,3952.2188527738626,279.23308945129713,2107.900714512445,29889.017160957555,,1.0,lead time 0
CA_2,2016-03-28,ML + LP,13982.0,10951.25564957788,3030.744350422119,1673.7443504221208,107.41769656348437,1745.941407048058,29535.665255193926,,1.0,lead time 0
CA_2,2016-04-04,ML + LP,14026.0,11165.841751445516,2860.158248554483,1459.1582485544982,94.50240957692886,1602.080925133701,30886.12020285256,,1.0,lead time 0
CA_2,2016-04-11,ML + LP,13354.0,10854.098922734724,2499.9010772652764,1770.9010772652932,121.01221765505129,1318.8254936540563,29490.402132014857,,1.0,lead time 0
CA_2,2016-04-18,ML + LP,13787.0,11007.126656529037,2779.873343470962,1617.8733434709402,109.06570279959789,1563.7306474546635,29994.383041717687,,1.0,lead time 0
CA_2,2016-04-25,ML + LP,13713.0,10526.886604227335,3186.113395772665,2098.113395772655,142.35637822268603,1696.6604027656922,29710.31955398182,,1.0,lead time 0
CA_2,2016-05-02,ML + LP,14097.0,10695.119425259847,3401.880574740151,1929.8805747401543,140.16199440427857,1751.37393952509,30198.10395083871,,1.0,lead time 0
CA_2,2016-05-09,ML + LP,14330.0,10888.123003884884,3441.876996115116,1736.876996115097,125.77471648471122,1733.7606507093076,31118.442069568686,,1.0,lead time 0
CA_2,2016-05-16,ML + LP,14992.0,11070.069684689503,3921.930315310498,1554.9303153104966,118.15792445679337,2043.535698928653,31645.744302364794,,1.0,lead time 0
CA_2,2016-05-23,ML + LP,14922.0,10655.440656442179,4266.559343557821,1969.5593435578153,149.43940854207756,2039.659672353237,30290.151532005228,,1.0,lead time 0
CA_2,2016-05-30,ML + LP,16183.0,10064.024158473338,6118.975841526664,2560.975841526671,179.99278950057337,2719.6806535527357,28803.587807839034,,1.0,lead time 0
CA_2,2016-06-06,ML + LP,15360.0,9377.16988914257,5982.830110857431,3247.8301108574124,225.47077314827357,2420.82137497005,26534.853997544822,,1.0,lead time 0
CA_2,2016-06-13,ML + LP,14503.0,9191.092693332246,5311.907306667754,3433.907306667763,233.45134001166846,2247.589264113291,25647.401509898955,,1.0,lead time 0
CA_3,2016-03-28,ML + LP,20003.0,17201.961345812528,2801.038654187473,3895.288654187487,262.03741538385145,1241.1614068482809,44852.03235574272,,1.0,lead time 0
CA_3,2016-04-04,ML + LP,21877.0,17919.526214836842,3957.4737851631608,3177.7237851631508,216.36262138533363,1817.4317133424427,47734.25991540654,,1.0,lead time 0
CA_3,2016-04-11,ML + LP,20212.0,17717.847265466226,2494.1527345337736,3379.4027345338104,213.3258209425448,1193.4016414915359,46790.60300482153,,1.0,lead time 0
CA_3,2016-04-18,ML + LP,19207.0,16935.870728939888,2271.129271060111,4161.379271060103,258.0069656105806,1084.4663674869607,44967.74774413595,,1.0,lead time 0
CA_3,2016-04-25,ML + LP,18634.0,16585.90317787727,2048.0968221227304,4511.34682212273,291.30182160770516,979.9649325490881,43809.84157245754,,1.0,lead time 0
CA_3,2016-05-02,ML + LP,19547.0,16893.622053258772,2653.3779467412273,4203.627946741228,267.3200969275299,1161.685754223853,45583.581228396564,,1.0,lead time 0
CA_3,2016-05-09,ML + LP,19934.0,17340.055158071984,2593.944841928016,3757.1948419280607,244.78459799895248,1305.63217309885,46493.45415658038,,1.0,lead time 0
CA_3,2016-05-16,ML + LP,19252.0,16812.47221005061,2439.5277899493894,4284.777789949401,300.83222451659844,1039.3289871415643,43986.37999726628,,1.0,lead time 0
CA_3,2016-05-23,ML + LP,19322.0,16477.060283647756,2844.9397163522467,4620.189716352255,315.3357887217667,1288.8017260223135,42166.005625399965,,1.0,lead time 0
CA_3,2016-05-30,ML + LP,21019.0,16134.514277308805,4884.485722691196,4962.7357226912145,347.7034289573613,2274.2996890503396,40771.85815838369,,1.0,lead time 0
CA_3,2016-06-06,ML + LP,21211.0,15475.45959695355,5735.540403046451,5621.790403046461,376.2464871215684,2175.4235301335916,39509.42824996833,,1.0,lead time 0
CA_3,2016-06-13,ML + LP,18399.0,15206.222969939561,3192.777030060439,5891.0270300604225,381.36436324705915,1402.6547570524137,37393.862713791896,,1.0,lead time 0
CA_4,2016-03-28,ML + LP,7788.0,6052.79163504692,1735.20836495308,1830.2083649530837,123.74433778018238,831.7000781560032,17208.06925919706,,1.0,lead time 0
CA_4,2016-04-04,ML + LP,8100.0,6432.312524141467,1667.6874758585323,1450.6874758585298,95.63036454063216,903.4098891366054,18800.75369450404,,1.0,lead time 0
CA_4,2016-04-11,ML + LP,7719.0,6163.570212726999,1555.4297872730012,1719.4297872730017,117.4744562419394,768.7489230456256,17757.30643375071,,1.0,lead time 0
CA_4,2016-04-18,ML + LP,8561.0,6506.036497551815,2054.9635024481845,1376.963502448184,91.57386617062349,1161.605114610566,19006.06291457348,,1.0,lead time 0
CA_4,2016-04-25,ML + LP,8103.0,6233.406769457448,1869.5932305425526,1649.593230542548,110.16952309963433,910.730057838396,18591.08025087825,,1.0,lead time 0
CA_4,2016-05-02,ML + LP,8048.0,6204.394216756942,1843.6057832430579,1678.605783243056,113.69516432881615,920.7546719853196,18378.064875124524,,1.0,lead time 0
CA_4,2016-05-09,ML + LP,8671.0,6365.067468374364,2305.9325316256363,1517.9325316256338,109.39840939333648,1133.594271699459,18808.463839963744,,1.0,lead time 0
CA_4,2016-05-16,ML + LP,8531.0,6391.252534110588,2139.7474658894116,1491.7474658894039,111.65143754174036,1003.3935885325911,18653.118978517825,,1.0,lead time 0
CA_4,2016-05-23,ML + LP,8402.0,6193.054938094776,2208.945061905224,1689.945061905228,122.76901716698612,1111.7790853739002,18072.74825799174,,1.0,lead time 0
CA_4,2016-05-30,ML + LP,8988.0,5967.833062355279,3020.1669376447203,1915.1669376447144,138.30621279751463,1448.062001556707,17111.41663759764,,1.0,lead time 0
CA_4,2016-06-06,ML + LP,8393.0,5644.193769333157,2748.806230666842,2238.80623066684,156.71048987933662,1215.8298859253014,16084.93800739535,,1.0,lead time 0
CA_4,2016-06-13,ML + LP,8101.0,5621.543881939542,2479.456118060458,2261.456118060461,157.6415866377194,1146.9421683720175,16047.996574861663,,1.0,lead time 0
CA_1,2016-03-28,Rule of thumb,15318.0,13535.412499999999,1782.5875000000005,3401.7874999999985,167.52593544907862,1458.50014803366,34018.61706020012,1.2,1.15,lead time 0
CA_1,2016-04-04,Rule of thumb,16078.0,14082.13276808033,1995.8672319196703,2855.0672319196683,142.85374031705175,1481.38434121711,35571.343585953255,1.2,1.15,lead time 0
CA_1,2016-04-11,Rule of thumb,14891.0,13441.957970038688,1449.0420299613136,3495.242029961312,168.60248442942506,1149.5579251343731,34289.11591721607,1.2,1.15,lead time 0
CA_1,2016-04-18,Rule of thumb,15342.0,13476.023495885045,1865.9765041149556,3461.176504114952,163.58182606548758,1493.3879545067666,34457.36010121143,1.2,1.15,lead time 0
CA_1,2016-04-25,Rule of thumb,15560.0,13585.364673525604,1974.635326474396,3351.8353264743946,156.55520815433215,1443.221076497904,34820.10732084499,1.2,1.15,lead time 0
CA_1,2016-05-02,Rule of thumb,16586.0,13946.60225530234,2639.3977446976587,2990.597744697655,142.43324586328833,2081.6584369351986,35491.42707281767,1.2,1.15,lead time 0
CA_1,2016-05-09,Rule of thumb,17114.0,14283.963261070865,2830.036738929136,2653.2367389291344,132.94229092338105,2177.720332774637,36247.42789270867,1.2,1.15,lead time 0
CA_1,2016-05-16,Rule of thumb,16739.0,14208.896498768318,2530.1035012316834,2728.303501231684,134.83821333942814,1860.7554287217376,36207.346169821976,1.2,1.15,lead time 0
CA_1,2016-05-23,Rule of thumb,15914.0,13807.785662722883,2106.214337277118,3129.4143372771173,168.81239292594654,1661.3259151606007,34354.264054533145,1.2,1.15,lead time 0
CA_1,2016-05-30,Rule of thumb,17326.0,13879.05557016144,3446.944429838562,3058.144429838557,193.41676941987117,2262.659677150832,33110.80107813085,1.2,1.15,lead time 0
CA_1,2016-06-06,Rule of thumb,16447.0,13238.88573309876,3208.114266901241,3698.314266901236,226.71853134094226,2006.2936505347757,31394.960229534387,1.2,1.15,lead time 0
CA_1,2016-06-13,Rule of thumb,15703.0,12979.456289269978,2723.543710730023,3957.74371073002,238.51375842647042,2045.6326063761385,30096.577521411913,1.2,1.15,lead time 0
CA_2,2016-03-28,Rule of thumb,13982.0,11912.387499999999,2069.612500000001,2606.3624999999984,112.5291015271629,1698.1282504137187,29695.04244397506,1.2,1.15,lead time 0
CA_2,2016-04-04,Rule of thumb,14026.0,12074.860265139712,1951.1397348602868,2443.889734860286,97.36604940868422,1664.27184199235,30678.817146657064,1.2,1.15,lead time 0
CA_2,2016-04-11,Rule of thumb,13354.0,11791.280145530895,1562.7198544691057,2727.4698544691055,119.05686209146447,1192.94829220574,29909.992803509245,1.2,1.15,lead time 0
CA_2,2016-04-18,Rule of thumb,13787.0,12005.528843185311,1781.4711568146872,2513.2211568146836,109.12423973084303,1425.1531560615697,30456.308013028,1.2,1.15,lead time 0
CA_2,2016-04-25,Rule of thumb,13713.0,11618.524722902745,2094.475277097257,2900.2252770972555,129.46279535951285,1715.2274128461368,29648.429520380334,1.2,1.15,lead time 0
CA_2,2016-05-02,Rule of thumb,14097.0,11878.257499285857,2218.742500714142,2640.492500714138,121.1124418541328,1772.9036315291469,30126.33831082519,1.2,1.15,lead time 0
CA_2,2016-05-09,Rule of thumb,14330.0,12058.83926480548,2271.1607351945204,2459.9107351945195,104.24900861660603,1788.8198699992763,30934.91133860212,1.2,1.15,lead time 0
CA_2,2016-05-16,Rule of thumb,14992.0,12409.385219414009,2582.61478058599,2109.364780585989,92.35896020219899,2064.4918107361746,31575.890596339716,1.2,1.15,lead time 0
CA_2,2016-05-23,Rule of thumb,14922.0,12072.888888732366,2849.1111112676344,2445.8611112676344,119.93424924989972,2020.2988441743807,30354.68762593475,1.2,1.15,lead time 0
CA_2,2016-05-30,Rule of thumb,16183.0,12184.082171811422,3998.9178281885784,2334.6678281885766,138.42645558321524,2567.499535783375,29310.85820040357,1.2,1.15,lead time 0
CA_2,2016-06-06,Rule of thumb,15360.0,11484.82335230802,3875.1766476919793,3033.9266476919775,185.57609527555655,2230.5967751986695,27168.935996782762,1.2,1.15,lead time 0
CA_2,2016-06-13,Rule of thumb,14503.0,11302.241287051043,3200.7587129489566,3216.508712948954,191.4725559772647,2081.9121082332395,26199.658696165792,1.2,1.15,lead time 0
CA_3,2016-03-28,Rule of thumb,20003.0,18421.5625,1581.4375000000002,5840.275,266.35544203709276,1249.3512709465413,44824.73280874852,1.2,1.15,lead time 0
CA_3,2016-04-04,Rule of thumb,21877.0,19637.473134532243,2239.5268654677548,4624.364365467754,212.25366279971328,1652.889753721037,48282.73311414456,1.2,1.15,lead time 0
CA_3,2016-04-11,Rule of thumb,20212.0,18781.736081270035,1430.263918729961,5480.101418729959,242.8702120789712,1136.062065977988,46981.73492320002,1.2,1.15,lead time 0
CA_3,2016-04-18,Rule of thumb,19207.0,17999.31248777466,1207.6875122253405,6262.52501222534,276.02878495223104,1008.3915400012988,45221.330502421486,1.2,1.15,lead time 0
CA_3,2016-04-25,Rule of thumb,18634.0,17437.479047906978,1196.5209520930239,6824.358452093022,308.73954989459236,1049.722212444015,43577.31730614112,1.2,1.15,lead time 0
CA_3,2016-05-02,Rule of thumb,19547.0,18006.101412864322,1540.8985871356786,6255.7360871356805,280.3619909420005,1291.9361533390943,45149.41323134577,1.2,1.15,lead time 0
CA_3,2016-05-09,Rule of thumb,19934.0,18340.451014558002,1593.5489854419966,5921.3864854419935,265.0699067123322,1381.9034106246318,46239.21669816111,1.2,1.15,lead time 0
CA_3,2016-05-16,Rule of thumb,19252.0,17878.081654209673,1373.9183457903268,6383.755845790327,311.165973528161,945.1082520958182,44300.44911408544,1.2,1.15,lead time 0
CA_3,2016-05-23,Rule of thumb,19322.0,17719.957178339926,1602.0428216600735,6541.880321660074,328.5654060865804,992.3202067914506,43154.277356169514,1.2,1.15,lead time 0
CA_3,2016-05-30,Rule of thumb,21019.0,18521.291112813196,2497.7088871868027,5740.546387186795,330.3175086211079,1741.6038178922913,42547.51106224385,1.2,1.15,lead time 0
CA_3,2016-06-06,Rule of thumb,21211.0,17543.124809074383,3667.8751909256152,6718.712690925615,379.03321993740497,1936.3440769962708,40306.35976042607,1.2,1.15,lead time 0
CA_3,2016-06-13,Rule of thumb,18399.0,16492.93298520748,1906.0670147925202,7768.904514792521,406.0535357760221,1295.7819005699912,37750.1055687333,1.2,1.15,lead time 0
CA_4,2016-03-28,Rule of thumb,7788.0,6795.737499999999,992.2625,2269.7124999999996,114.67311625165813,750.5890103433494,17478.439485239236,1.2,1.15,lead time 0
CA_4,2016-04-04,Rule of thumb,8100.0,7011.023036560391,1088.9769634396096,2054.4269634396087,93.82203787763552,981.0492854649807,18541.95570674279,1.2,1.15,lead time 0
CA_4,2016-04-11,Rule of thumb,7719.0,6747.493843414254,971.5061565857463,2317.9561565857457,110.60972553346848,762.0592772033572,17779.605253224938,1.2,1.15,lead time 0
CA_4,2016-04-18,Rule of thumb,8561.0,7134.241395743621,1426.7586042563782,1931.208604256376,88.59260303116577,1212.8984347134856,18835.085180897076,1.2,1.15,lead time 0
CA_4,2016-04-25,Rule of thumb,8103.0,7019.071204208056,1083.9287957919441,2046.3787957919437,97.2708697335816,884.0849035408454,18679.897431870086,1.2,1.15,lead time 0
CA_4,2016-05-02,Rule of thumb,8048.0,6902.228983825433,1145.7710161745667,2163.221016174565,108.0256358510071,927.1987918783431,18356.58447548111,1.2,1.15,lead time 0
CA_4,2016-05-09,Rule of thumb,8671.0,7282.829363456714,1388.170636543285,1782.620636543284,93.62871754057021,1049.3888956790634,19089.148426698397,1.2,1.15,lead time 0
CA_4,2016-05-16,Rule of thumb,8531.0,7272.78633938752,1258.2136606124805,1792.6636606124803,96.85005261044458,920.9576557430619,18927.905421149593,1.2,1.15,lead time 0
CA_4,2016-05-23,Rule of thumb,8402.0,7201.725314333608,1200.2746856663916,1863.7246856663912,97.81381687408097,919.5387185721436,18713.549480664264,1.2,1.15,lead time 0
CA_4,2016-05-30,Rule of thumb,8988.0,7125.462290967622,1862.5377090323775,1939.987709032377,114.89329808902315,1278.2191162609156,17677.559588583612,1.2,1.15,lead time 0
CA_4,2016-06-06,Rule of thumb,8393.0,6833.567287996497,1559.4327120035034,2231.882712003503,134.73507576318227,1062.2871366410222,16596.74717167628,1.2,1.15,lead time 0
CA_4,2016-06-13,Rule of thumb,8101.0,6634.48423668636,1466.5157633136391,2430.9657633136385,137.70646375660255,1070.8328041567106,16301.694455579354,1.2,1.15,lead time 0
CA_1,2016-03-28,ML point,15318.0,13776.64001525595,1541.3599847440505,3160.5599847440444,151.8508643180018,1169.4199934519934,34982.21757547234,1.2,1.15,lead time 0
CA_1,2016-04-04,ML point,16078.0,14164.451247842357,1913.5487521576422,2772.7487521576386,140.89943134082688,1469.8723904127214,35609.71675530122,1.2,1.15,lead time 0
CA_1,2016-04-11,ML point,14891.0,13541.28408346335,1349.7159165366486,3395.9159165366464,156.45536723091547,1067.8899670018905,34561.34244432434,1.2,1.15,lead time 0
CA_1,2016-04-18,ML point,15342.0,13702.760722383176,1639.2392776168244,3234.4392776168206,153.72917549928468,1315.828985112506,35049.22333252563,1.2,1.15,lead time 0
CA_1,2016-04-25,ML point,15560.0,13869.88748273148,1690.1125172685197,3067.3125172685172,144.86912546079273,1207.4066159185197,35606.155522776266,1.2,1.15,lead time 0
CA_1,2016-05-02,ML point,16586.0,14202.692064870862,2383.307935129138,2734.507935129135,133.45130224367114,1927.579538747253,36005.02340011082,1.2,1.15,lead time 0
CA_1,2016-05-09,ML point,17114.0,14438.201838681103,2675.7981613188967,2498.9981613188947,126.5440980944636,1977.7939804086145,36913.84906726208,1.2,1.15,lead time 0
CA_1,2016-05-16,ML point,16739.0,14113.606152959987,2625.3938470400135,2823.5938470400115,143.0218717057127,1932.7300019060192,35967.430925874374,1.2,1.15,lead time 0
CA_1,2016-05-23,ML point,15914.0,13938.200797706653,1975.7992022933465,2998.9992022933425,165.70754317976198,1556.5184175905124,34703.62237976677,1.2,1.15,lead time 0
CA_1,2016-05-30,ML point,17326.0,13719.368739115143,3606.6312608848557,3217.8312608848537,206.11429861653033,2432.780885967989,32543.730382073656,1.2,1.15,lead time 0
CA_1,2016-06-06,ML point,16447.0,13225.030837066415,3221.9691629335857,3712.1691629335837,226.48996616899578,2356.7295138899526,30226.84068501713,1.2,1.15,lead time 0
CA_1,2016-06-13,ML point,15703.0,13015.888037349674,2687.1119626503273,3921.3119626503244,222.12960589855385,1991.601726803283,30276.68045332143,1.2,1.15,lead time 0
CA_2,2016-03-28,ML point,13982.0,12068.171795530478,1913.8282044695247,2450.578204469524,110.04918332806643,1592.1764222419188,30048.215204547727,1.2,1.15,lead time 0
CA_2,2016-04-04,ML point,14026.0,12222.464178262286,1803.5358217377134,2296.285821737712,98.82083102719659,1530.1088947620656,31126.02697075801,1.2,1.15,lead time 0
CA_2,2016-04-11,ML point,13354.0,11864.458972233864,1489.5410277661335,2654.2910277661326,123.00995747240661,1111.947069684838,30179.996878578917,1.2,1.15,lead time 0
CA_2,2016-04-18,ML point,13787.0,12189.978220022615,1597.0217799773873,2328.771779977387,108.78989714085523,1328.3532947300705,30778.97421746633,1.2,1.15,lead time 0
CA_2,2016-04-25,ML point,13713.0,11799.572265651892,1913.4277343481085,2719.177734348108,123.73608239283595,1614.0748631132328,29985.604686156683,1.2,1.15,lead time 0
CA_2,2016-05-02,ML point,14097.0,12135.391676783103,1961.6083232168962,2383.358323216894,115.91782424304355,1644.4238669869724,30554.60419263244,1.2,1.15,lead time 0
CA_2,2016-05-09,ML point,14330.0,12313.218902415381,2016.7810975846205,2205.531097584619,98.57214694616283,1613.9938697153925,31517.664672881736,1.2,1.15,lead time 0
CA_2,2016-05-16,ML point,14992.0,12541.191386263381,2450.808613736619,1977.558613736619,92.84722433421518,1965.7988440276033,31904.867152034953,1.2,1.15,lead time 0
CA_2,2016-05-23,ML point,14922.0,12363.999064397845,2558.0009356021546,2154.7509356021524,111.58237308195524,1861.3614790177248,30884.4788431236,1.2,1.15,lead time 0
CA_2,2016-05-30,ML point,16183.0,12200.093011421755,3982.906988578243,2318.6569885782405,138.2446602616415,2604.4563532439124,29187.668808868446,1.2,1.15,lead time 0
CA_2,2016-06-06,ML point,15360.0,11669.862986856633,3690.1370131433678,2848.8870131433687,170.5563323377479,2486.3956910918514,26316.27294380549,1.2,1.15,lead time 0
CA_2,2016-06-13,ML point,14503.0,11597.378310122971,2905.62168987703,2921.3716898770294,169.87049406436648,2069.4489658949406,26241.20250396012,1.2,1.15,lead time 0
CA_3,2016-03-28,ML point,20003.0,18678.166403378968,1324.8335966210316,5583.67109662103,274.2032629052454,943.8375792170377,45843.1117811802,1.2,1.15,lead time 0
CA_3,2016-04-04,ML point,21877.0,20087.790983758332,1789.209016241668,4174.046516241666,208.62076336516972,1339.6088303160225,49327.00285882794,1.2,1.15,lead time 0
CA_3,2016-04-11,ML point,20212.0,19081.005471587945,1130.9945284120577,5180.832028412053,241.4300177980425,905.9489475156909,47748.77865140767,1.2,1.15,lead time 0
CA_3,2016-04-18,ML point,19207.0,18169.08881236685,1037.9111876331528,6092.7486876331495,291.0069933576476,825.932522672518,45829.527226850754,1.2,1.15,lead time 0
CA_3,2016-04-25,ML point,18634.0,17754.369702658703,879.6302973412952,6507.4677973412945,309.27191896800866,742.3722658629742,44601.81712807792,1.2,1.15,lead time 0
CA_3,2016-05-02,ML point,19547.0,18322.73774358981,1224.2622564101948,5939.099756410193,283.9635343038437,1006.8552466108727,46099.68292043984,1.2,1.15,lead time 0
CA_3,2016-05-09,ML point,19934.0,18656.133819162897,1277.8661808371023,5492.118590011783,266.3430487073024,964.2727974959153,47631.3187419235,1.2,1.15,lead time 0
CA_3,2016-05-16,ML point,19252.0,17939.981381012323,1312.018618987675,5683.972549057042,308.88208652699467,793.8496266588054,44804.64453220881,1.2,1.15,lead time 0
CA_3,2016-05-23,ML point,19322.0,18046.537280524077,1275.462719475921,5883.514825934095,322.94101247322226,788.0193827186613,43835.28010307881,1.2,1.15,lead time 0
CA_3,2016-05-30,ML point,21019.0,18371.345419552898,2647.6545804471043,5890.4920804470985,338.1348173579005,1751.454504181548,42514.67544127966,1.2,1.15,lead time 0
CA_3,2016-06-06,ML point,21211.0,17958.681867080137,3252.318132919866,6303.155632919861,357.7469625939739,1978.2309502094436,40166.7368497155,1.2,1.15,lead time 0
CA_3,2016-06-13,ML point,18399.0,16710.57098092755,1688.4290190724505,7551.266519072446,384.8636903883773,1310.2121480285182,37702.00474387155,1.2,1.15,lead time 0
CA_4,2016-03-28,ML point,7788.0,6821.290302574629,966.7096974253703,2244.1596974253703,112.09923638598653,763.2178531608422,17436.34334251426,1.2,1.15,lead time 0
CA_4,2016-04-04,ML point,8100.0,7094.004155479365,1005.9958445206354,1971.4458445206346,87.85091731519066,899.5673301459282,18813.562224472964,1.2,1.15,lead time 0
CA_4,2016-04-11,ML point,7719.0,6814.076023124328,904.9239768756729,2251.3739768756723,106.31160329238855,706.0080753354989,17966.44259278446,1.2,1.15,lead time 0
CA_4,2016-04-18,ML point,8561.0,7235.881524649514,1325.1184753504865,1829.5684753504852,84.18636598642162,1125.7683066714424,19125.518941037222,1.2,1.15,lead time 0
CA_4,2016-04-25,ML point,8103.0,7133.636125992169,969.3638740078313,1931.813874007829,91.97285312953403,830.2492020025791,18859.349770330977,1.2,1.15,lead time 0
CA_4,2016-05-02,ML point,8048.0,6979.686598258133,1068.3134017418668,2085.763401741864,102.02010730599437,911.8733857134117,18407.669162697548,1.2,1.15,lead time 0
CA_4,2016-05-09,ML point,8671.0,7318.258074261132,1352.7419257388678,1747.1919257388677,89.88001618353749,983.3397930340363,19309.31210218182,1.2,1.15,lead time 0
CA_4,2016-05-16,ML point,8531.0,7330.183258682522,1200.8167413174774,1735.2667413174768,93.30407460834446,898.4687585968227,19002.868411637057,1.2,1.15,lead time 0
CA_4,2016-05-23,ML point,8402.0,7107.663273147341,1294.3367268526586,1957.786726852658,100.96610468738814,955.9973923179365,18592.02056817829,1.2,1.15,lead time 0
CA_4,2016-05-30,ML point,8988.0,7123.2419813110255,1864.7580186889747,1942.2080186889743,114.41060880515323,1294.9703272148358,17621.72221873721,1.2,1.15,lead time 0
CA_4,2016-06-06,ML point,8393.0,6843.3204591896265,1549.6795408103737,2222.129540810373,131.39464424908678,1161.7122245831044,16265.330211869343,1.2,1.15,lead time 0
CA_4,2016-06-13,ML point,8101.0,6723.08532934104,1377.9146706589604,2342.3646706589584,129.97138431747283,1092.854257552699,16228.289610926058,1.2,1.15,lead time 0
CA_1,2016-03-28,ML newsvendor,15318.0,13401.957424438207,1916.042575561793,3535.2425755617896,171.52122333200236,1408.7064054984098,34184.59620198429,,1.15,lead time 0
CA_1,2016-04-04,ML newsvendor,16078.0,13454.755973121984,2623.2440268780156,3482.4440268780118,176.49127335785687,1956.6624767785681,33987.083134081724,,1.15,lead time 0
CA_1,2016-04-11,ML newsvendor,14891.0,13005.118133147975,1885.881866852024,3932.0818668520187,188.21143408163687,1428.2879392184132,33360.01587026927,,1.15,lead time 0
CA_1,2016-04-18,ML newsvendor,15342.0,13288.83736152198,2053.1626384780193,3648.362638478017,175.7519731982089,1608.6013295220741,34073.31551782707,,1.15,lead time 0
CA_1,2016-04-25,ML newsvendor,15560.0,13102.756402577957,2457.2435974220416,3834.4435974220405,183.47293240684843,1787.0905761059153,33673.875655484946,,1.15,lead time 0
CA_1,2016-05-02,ML newsvendor,16586.0,13545.120216054947,3040.8797839450526,3392.0797839450506,160.77366337760958,2341.2612437751777,34626.08438335107,,1.15,lead time 0
CA_1,2016-05-09,ML newsvendor,17114.0,13754.029003593867,3359.9709964061317,3183.170996406131,156.59770624550356,2407.077121495865,35482.90526363791,,1.15,lead time 0
CA_1,2016-05-16,ML newsvendor,16739.0,13532.24375128149,3206.7562487185105,3404.95624871851,170.50849416720837,2313.0181364423515,34699.80381075326,,1.15,lead time 0
CA_1,2016-05-23,ML newsvendor,15914.0,13084.667137286478,2829.3328627135215,3852.5328627135173,207.18876927849487,2123.472541161218,32813.775301197755,,1.15,lead time 0
CA_1,2016-05-30,ML newsvendor,17326.0,12794.578351667684,4531.421648332316,4142.621648332315,252.17680079384576,3044.8594357854818,30503.46854934868,,1.15,lead time 0
CA_1,2016-06-06,ML newsvendor,16447.0,12162.644872356024,4284.355127643977,4774.555127643974,291.5567097647265,2858.471077574798,28554.368806067647,,1.15,lead time 0
CA_1,2016-06-13,ML newsvendor,15703.0,11973.516429247824,3729.483570752175,4963.683570752175,288.6682195948551,2522.0720840269705,28508.445929242473,,1.15,lead time 0
CA_2,2016-03-28,ML newsvendor,13982.0,11855.187917259002,2126.8120827409994,2663.562082740995,125.1875336209742,1682.1792003143273,29748.205944306363,,1.15,lead time 0
CA_2,2016-04-04,ML newsvendor,14026.0,11767.53582782232,2258.4641721776807,2751.2141721776807,119.89226993072597,1761.653059126704,30354.21308954255,,1.15,lead time 0
CA_2,2016-04-11,ML newsvendor,13354.0,11452.526996346673,1901.4730036533274,3066.2230036533247,139.83629677730397,1380.493597816452,29284.84178480687,,1.15,lead time 0
CA_2,2016-04-18,ML newsvendor,13787.0,11534.324762414843,2252.6752375851556,2984.4252375851547,134.43789502830583,1682.548126544757,29598.324778084047,,1.15,lead time 0
CA_2,2016-04-25,ML newsvendor,13713.0,11311.973200263401,2401.0267997365986,3206.7767997365977,145.32461252144574,1891.770977678318,29059.95097093973,,1.15,lead time 0
CA_2,2016-05-02,ML newsvendor,14097.0,11607.045362445133,2489.954637554866,2911.7046375548666,137.97838123263767,1936.1302342856586,29582.249634970147,,1.15,lead time 0
CA_2,2016-05-09,ML newsvendor,14330.0,11724.352964332582,2605.6470356674176,2794.3970356674167,127.24660667122328,1936.459418144148,30442.77951145255,,1.15,lead time 0
CA_2,2016-05-16,ML newsvendor,14992.0,12003.001241725322,2988.998758274679,2515.748758274677,116.56079955551063,2247.2538636921636,30966.68375315309,,1.15,lead time 0
CA_2,2016-05-23,ML newsvendor,14922.0,11668.738837743847,3253.2611622561535,2850.0111622561512,142.0760454957142,2264.280838659508,29541.414310984328,,1.15,lead time 0
CA_2,2016-05-30,ML newsvendor,16183.0,11597.524742622329,4585.475257377671,2921.2252573776714,169.54679738390837,3050.63908751422,27700.393027967417,,1.15,lead time 0
CA_2,2016-06-06,ML newsvendor,15360.0,11061.500924147114,4298.499075852884,3457.249075852883,212.46335775052233,2784.6268859143156,25322.16896106394,,1.15,lead time 0
CA_2,2016-06-13,ML newsvendor,14503.0,10843.021005886952,3659.9789941130484,3675.7289941130466,213.76939762393005,2363.245380188239,25261.88112298246,,1.15,lead time 0
CA_3,2016-03-28,ML newsvendor,20003.0,18541.061974478416,1461.9380255215824,5720.775525521581,279.49894321561703,1009.6455870123413,45623.75175519586,,1.15,lead time 0
CA_3,2016-04-04,ML newsvendor,21877.0,19276.378861002562,2600.621138997436,4985.458638997432,249.9285566192615,1934.383969369684,47344.4190619824,,1.15,lead time 0
CA_3,2016-04-11,ML newsvendor,20212.0,18540.04583702258,1671.9541629774196,5721.791662977415,269.7509290664192,1352.096949108721,46261.61864609757,,1.15,lead time 0
CA_3,2016-04-18,ML newsvendor,19207.0,17814.098127378,1392.9018726219997,6447.739372621997,299.56629592691775,1105.3609158415566,44898.09924962062,,1.15,lead time 0
CA_3,2016-04-25,ML newsvendor,18634.0,17144.51078667011,1489.4892133298893,7117.326713329888,331.832888505871,1164.7015797080294,43194.052748594404,,1.15,lead time 0
CA_3,2016-05-02,ML newsvendor,19547.0,18120.316233049198,1426.6837669508018,6141.521266950801,287.3127295945055,1125.7614856643258,45703.32879026166,,1.15,lead time 0
CA_3,2016-05-09,ML newsvendor,19934.0,18014.399208142037,1919.6007918579617,6247.4382918579595,292.0636305545704,1432.4142673090475,46070.847175879724,,1.15,lead time 0
CA_3,2016-05-16,ML newsvendor,19252.0,17665.787999238906,1586.2120007610956,6596.049500761092,343.4850253246131,971.112812836807,44213.7672449488,,1.15,lead time 0
CA_3,2016-05-23,ML newsvendor,19322.0,17253.83502885019,2068.16497114981,7008.002471149807,378.55230374133106,1300.4784435061288,42127.083233787256,,1.15,lead time 0
CA_3,2016-05-30,ML newsvendor,21019.0,17092.703873939437,3926.2961260605616,7169.1336260605585,394.9883838526481,2538.231067593681,39892.08689657255,,1.15,lead time 0
CA_3,2016-06-06,ML newsvendor,21211.0,17266.106395461422,3944.8936045385753,6995.731104538575,413.2111189247523,2416.52831954606,38705.74561859344,,1.15,lead time 0
CA_3,2016-06-13,ML newsvendor,18399.0,16226.084721758038,2172.915278241961,8035.752778241959,430.2103326983346,1409.6118042633548,37370.67255642209,,1.15,lead time 0
CA_4,2016-03-28,ML newsvendor,7788.0,6697.077934874083,1090.9220651259166,2368.3720651259155,117.71158232148015,858.2365823346472,17119.614245268243,,1.15,lead time 0
CA_4,2016-04-04,ML newsvendor,8100.0,6659.795559900131,1440.2044400998698,2405.654440099868,106.11681747598327,1212.3816495292385,17770.847826528596,,1.15,lead time 0
CA_4,2016-04-11,ML newsvendor,7719.0,6457.95485055516,1261.0451494448403,2607.495149444839,119.72323620782845,1012.7028289557448,16944.12674738364,,1.15,lead time 0
CA_4,2016-04-18,ML newsvendor,8561.0,6733.132686605334,1827.8673133946654,2332.317313394665,104.26803568055973,1543.7361794269832,17732.292698518755,,1.15,lead time 0
CA_4,2016-04-25,ML newsvendor,8103.0,6740.228799176011,1362.7712008239887,2325.2212008239876,103.70207116759826,1122.3863581273476,17885.55924991508,,1.15,lead time 0
CA_4,2016-05-02,ML newsvendor,8048.0,6596.408012652206,1451.5919873477944,2469.0419873477927,111.63609046501878,1172.0526008309275,17540.40511230583,,1.15,lead time 0
CA_4,2016-05-09,ML newsvendor,8671.0,6769.493503775724,1901.506496224276,2295.9564962242744,107.46936336301707,1404.254258522531,17906.263883886837,,1.15,lead time 0
CA_4,2016-05-16,ML newsvendor,8531.0,6851.457889011793,1679.5421109882072,2213.992110988206,106.91199880451873,1225.7754022330305,17911.846266183027,,1.15,lead time 0
CA_4,2016-05-23,ML newsvendor,8402.0,6580.904076415202,1821.0959235847977,2484.5459235847966,117.65815428284311,1323.1580692971186,17368.151644914346,,1.15,lead time 0
CA_4,2016-05-30,ML newsvendor,8988.0,6558.4304468464325,2429.5695531535675,2507.0195531535664,134.6070683370636,1690.2406896336156,16304.154344007942,,1.15,lead time 0
CA_4,2016-06-06,ML newsvendor,8393.0,6390.061257204866,2002.9387427951337,2675.3887427951327,155.76646836364404,1462.9763402192493,15261.116493082194,,1.15,lead time 0
CA_4,2016-06-13,ML newsvendor,8101.0,6304.425246241078,1796.5747537589218,2761.0247537589207,157.33580117197195,1318.3127026913953,15476.761460463738,,1.15,lead time 0
CA_1,2016-03-28,ML + LP,15318.0,13482.602177032739,1835.3978229672603,3454.5978229672264,215.55557866772685,878.4653709200645,35952.06631724544,,1.15,lead time 0
CA_1,2016-04-04,ML + LP,16078.0,13836.048874447235,2241.951125552766,3101.1511255527703,204.77662348361815,1154.1638115310964,36662.078684906635,,1.15,lead time 0
CA_1,2016-04-11,ML + LP,14891.0,13478.15259725698,1412.8474027430195,3459.0474027430146,216.49989507937084,761.029734857802,35584.209884804644,,1.15,lead time 0
CA_1,2016-04-18,ML + LP,15342.0,13499.256608335327,1842.7433916646744,3437.9433916646626,215.93743158045373,1058.535387494111,35906.868657920284,,1.15,lead time 0
CA_1,2016-04-25,ML + LP,15560.0,13529.149608995442,2030.8503910045595,3408.0503910045613,216.3908724461209,939.4037749028952,36499.49832616168,,1.15,lead time 0
CA_1,2016-05-02,ML + LP,16586.0,13773.790504830948,2812.2094951690533,3163.4094951690718,206.6560526477651,1512.1488174672904,37389.79247104403,,1.15,lead time 0
CA_1,2016-05-09,ML + LP,17114.0,14061.812753317294,3052.187246682706,2875.3872466827106,197.2169833337125,1519.0036943021441,38443.150020950314,,1.15,lead time 0
CA_1,2016-05-16,ML + LP,16739.0,13799.245977094199,2939.754022905803,3137.9540229057966,208.9930378903626,1418.0980418648337,37682.870792678325,,1.15,lead time 0
CA_1,2016-05-23,ML + LP,15914.0,13572.910272177083,2341.0897278229154,3364.2897278229143,239.88623142083645,1177.6884762787422,35966.388850806004,,1.15,lead time 0
CA_1,2016-05-30,ML + LP,17326.0,13081.298604504584,4244.701395495416,3855.9013954954276,273.6263888184824,1932.2460005481398,34212.18000013982,,1.15,lead time 0
CA_1,2016-06-06,ML + LP,16447.0,12373.020953908805,4073.979046091197,4564.179046091184,310.4040192239974,1590.7845859899926,32779.990444683666,,1.15,lead time 0
CA_1,2016-06-13,ML + LP,15703.0,12357.473744515157,3345.5262554848423,4579.726255484822,311.92345047729407,1546.8306166303064,31759.250820564685,,1.15,lead time 0
CA_2,2016-03-28,ML + LP,13982.0,11870.891956320378,2111.108043679622,2647.8580436796005,156.3486386890338,1278.0601279497614,31095.26951885492,,1.15,lead time 0
CA_2,2016-04-04,ML + LP,14026.0,12120.704238710874,1905.2957612891255,2398.045761289127,139.34504079637537,1085.127416472381,32609.298565056957,,1.15,lead time 0
CA_2,2016-04-11,ML + LP,13354.0,11780.809963672342,1573.1900363276568,2737.9400363276695,166.22435930828473,845.3069105066812,31068.797409172774,,1.15,lead time 0
CA_2,2016-04-18,ML + LP,13787.0,11999.51131131607,1787.4886886839297,2519.2386886839186,153.2206510799693,1041.2049606967096,31736.135330910867,,1.15,lead time 0
CA_2,2016-04-25,ML + LP,13713.0,11580.399822219486,2132.6001777805127,2938.3501777804954,180.55603765982036,1200.5361838885917,31364.06695023882,,1.15,lead time 0
CA_2,2016-05-02,ML + LP,14097.0,11821.405483592043,2275.594516407959,2697.3445164079667,175.80873867165826,1255.6933115109955,31850.3727108857,,1.15,lead time 0
CA_2,2016-05-09,ML + LP,14330.0,12070.734932163141,2259.2650678368586,2448.0150678368504,160.0209894499102,1196.3600269645535,32909.7774820512,,1.15,lead time 0
CA_2,2016-05-16,ML + LP,14992.0,12300.840210929784,2691.1597890702155,2217.9097890702214,148.088069812644,1476.2476197057924,33536.704566440996,,1.15,lead time 0
CA_2,2016-05-23,ML + LP,14922.0,11946.042704897558,2975.9572951024425,2572.707295102443,175.33335545408028,1475.7150501506585,32169.96693934716,,1.15,lead time 0
CA_2,2016-05-30,ML + LP,16183.0,11477.285838156342,4705.714161843658,3041.46416184366,207.37614162667816,2089.651365878238,30903.68543342069,,1.15,lead time 0
CA_2,2016-06-06,ML + LP,15360.0,10642.138463980462,4717.861536019538,3876.611536019528,259.31004236275425,1848.8339920671356,28441.47860722121,,1.15,lead time 0
CA_2,2016-06-13,ML + LP,14503.0,10501.53702629829,4001.462973701711,4017.212973701709,264.5793209233547,1691.8527438592207,27499.856577412516,,1.15,lead time 0
CA_3,2016-03-28,ML + LP,20003.0,18386.76249089489,1616.23750910511,5875.0750091051,354.9723610363527,685.2322463809242,46705.12955730058,,1.15,lead time 0
CA_3,2016-04-04,ML + LP,21877.0,19468.42948831435,2408.5705116856516,4793.4080116856385,286.155118735157,1057.4768125947085,50267.44291789898,,1.15,lead time 0
CA_3,2016-04-11,ML + LP,20212.0,18782.87486961964,1429.1251303803558,5478.96263038038,304.35156828109797,629.5109783803671,48670.23854852543,,1.15,lead time 0
CA_3,2016-04-18,ML + LP,19207.0,17805.671417737503,1401.3285822624957,6456.166082262476,358.5718796310006,653.7787878326409,46403.37300965034,,1.15,lead time 0
CA_3,2016-04-25,ML + LP,18634.0,17521.82061861011,1112.1793813898894,6740.016881389888,385.4370933297499,524.382603560398,45328.449335753176,,1.15,lead time 0
CA_3,2016-05-02,ML + LP,19547.0,17968.588936177293,1578.4110638227057,6293.248563822717,355.89831168760566,660.5843275480931,47253.91931731577,,1.15,lead time 0
CA_3,2016-05-09,ML + LP,19934.0,18361.321953843224,1572.6780461567744,5900.515546156763,337.0571428912099,764.1887420403166,48298.26559344216,,1.15,lead time 0
CA_3,2016-05-16,ML + LP,19252.0,17675.949412967453,1576.0505870325483,6585.888087032548,407.8903082897723,606.6186618050923,45428.74774838786,,1.15,lead time 0
CA_3,2016-05-23,ML + LP,19322.0,17508.499182612413,1813.5008173875876,6753.338317387594,422.3949689672958,769.9933062038367,43895.36702479489,,1.15,lead time 0
CA_3,2016-05-30,ML + LP,21019.0,17734.14670200389,3284.853297996113,6527.690797996134,428.4964608663996,1521.5509961855669,43281.02046793293,,1.15,lead time 0
CA_3,2016-06-06,ML + LP,21211.0,17251.168397050234,3959.831602949767,7010.6691029497615,453.502659182634,1485.6328601604978,41808.730483211984,,1.15,lead time 0
CA_3,2016-06-13,ML + LP,18399.0,16490.322722148627,1908.6772778513734,7771.514777851384,475.93166509853256,840.0513257938463,39269.20748465379,,1.15,lead time 0
CA_4,2016-03-28,ML + LP,7788.0,6680.270038153272,1107.729961846728,2385.179961846725,150.56499790499635,567.5304210974352,18088.634782725618,,1.15,lead time 0
CA_4,2016-04-04,ML + LP,8100.0,7032.002187358302,1067.997812641698,2033.4478126416989,121.30480158105777,614.867883919028,19762.56037856263,,1.15,lead time 0
CA_4,2016-04-11,ML + LP,7719.0,6682.8473018609,1036.1526981391003,2382.6026981390955,148.80742041682726,553.1859558461601,18475.849657748928,,1.15,lead time 0
CA_4,2016-04-18,ML + LP,8561.0,7169.760355065814,1391.2396449341861,1895.689644934188,117.47393846037016,847.010115843144,20054.712910464885,,1.15,lead time 0
CA_4,2016-04-25,ML + LP,8103.0,6934.000578376658,1168.9994216233417,2131.449421623342,133.44529115789373,603.6889869600305,19614.550487139473,,1.15,lead time 0
CA_4,2016-05-02,ML + LP,8048.0,6823.299816478344,1224.7001835216565,2242.1501835216654,140.77779972499258,652.7200234090685,19271.513703712026,,1.15,lead time 0
CA_4,2016-05-09,ML + LP,8671.0,7082.6372693203075,1588.362730679692,1982.8127306796937,133.390870405571,803.0216944280966,19910.372430868283,,1.15,lead time 0
CA_4,2016-05-16,ML + LP,8531.0,7077.993224493332,1453.0067755066684,1987.4567755066798,136.8131599985125,701.5181108647168,19659.370570744075,,1.15,lead time 0
CA_4,2016-05-23,ML + LP,8402.0,6956.055441884982,1445.944558115018,2109.394558115023,141.36013905902192,789.0726020160505,19148.43653585124,,1.15,lead time 0
CA_4,2016-05-30,ML + LP,8988.0,6852.184202141845,2135.815797858154,2213.265797858142,154.2270741734086,1103.1304873913907,18261.188351482026,,1.15,lead time 0
CA_4,2016-06-06,ML + LP,8393.0,6429.213098646352,1963.7869013536483,2636.2369013536527,181.35426266853764,890.8185704695894,17168.309058914394,,1.15,lead time 0
CA_4,2016-06-13,ML + LP,8101.0,6386.825138487404,1714.1748615125966,2678.6248615126015,180.86290904962345,831.3448477406475,17099.9876436329,,1.15,lead time 0
CA_1,2016-03-28,Rule of thumb,15318.0,14019.5,1298.5,5126.900000000001,253.1273204081357,1083.5895115765288,35268.3191817239,1.3,1.3,lead time 0
CA_1,2016-04-04,Rule of thumb,16078.0,14713.980700378237,1364.0192996217615,4432.419299621762,222.7706208322243,1007.2424223020438,37151.81664900348,1.3,1.3,lead time 0
CA_1,2016-04-11,Rule of thumb,14891.0,13888.368077672723,1002.6319223272767,5258.03192232728,255.73915561034417,789.6141228247452,35488.9285915815,1.3,1.3,lead time 0
CA_1,2016-04-18,Rule of thumb,15342.0,13938.088979500712,1403.9110204992878,5208.31102049929,250.37933133521608,1128.3145834643044,35674.27133801964,1.3,1.3,lead time 0
CA_1,2016-04-25,Rule of thumb,15560.0,14141.884651991802,1418.1153480081975,5004.515348008199,236.93414579666893,978.7467688239765,36368.35501309141,1.3,1.3,lead time 0
CA_1,2016-05-02,Rule of thumb,16586.0,14708.899776380707,1877.100223619293,4437.500223619296,215.26749917688872,1506.8919174120356,37407.31547122821,1.3,1.3,lead time 0
CA_1,2016-05-09,Rule of thumb,17114.0,15148.50351463781,1965.4964853621896,3997.896485362191,201.3773143704978,1521.8360325955093,38433.70889330577,1.3,1.3,lead time 0
CA_1,2016-05-16,Rule of thumb,16739.0,14996.50885412867,1742.491145871331,4149.891145871334,208.01703974525685,1278.0670125050046,38149.64089054442,1.3,1.3,lead time 0
CA_1,2016-05-23,Rule of thumb,15914.0,14611.038926861256,1302.9610731387436,4535.361073138743,240.6815551064293,1059.7100313722894,36359.65033382751,1.3,1.3,lead time 0
CA_1,2016-05-30,Rule of thumb,17326.0,15064.119749439062,2261.8802505609383,4082.2802505609416,250.30730765983776,1450.4388904744033,35818.20370038561,1.3,1.3,lead time 0
CA_1,2016-06-06,Rule of thumb,16447.0,14292.237857358534,2154.762142641465,4854.162142641466,288.97650472816304,1277.7179897560827,33823.545765463365,1.3,1.3,lead time 0
CA_1,2016-06-13,Rule of thumb,15703.0,13866.500417264662,1836.4995827353373,5279.899582735337,308.26245891930455,1455.9502058162725,32062.18552327813,1.3,1.3,lead time 0
CA_2,2016-03-28,Rule of thumb,13982.0,12506.849999999999,1475.1499999999999,3905.6500000000005,173.1223735995506,1224.8817763560583,31272.530690833926,1.3,1.3,lead time 0
CA_2,2016-04-04,Rule of thumb,14026.0,12709.79385218419,1316.2061478158116,3702.706147815811,155.6630858942371,1136.6965064205065,32437.401598563203,1.3,1.3,lead time 0
CA_2,2016-04-11,Rule of thumb,13354.0,12306.562625993549,1047.4373740064525,4105.937374006454,185.2166999240223,775.6919012517684,31300.84744002248,1.3,1.3,lead time 0
CA_2,2016-04-18,Rule of thumb,13787.0,12686.167834432556,1100.832165567443,3726.3321655674436,167.91356629605906,902.8125891431785,32197.443236089304,1.3,1.3,lead time 0
CA_2,2016-04-25,Rule of thumb,13713.0,12256.118971842086,1456.8810281579124,4156.381028157912,190.15859025375138,1211.7932897684414,31326.543263972653,1.3,1.3,lead time 0
CA_2,2016-05-02,Rule of thumb,14097.0,12565.037604928213,1531.9623950717873,3847.4623950717873,181.4880661077163,1260.4540522050283,31834.50357523892,1.3,1.3,lead time 0
CA_2,2016-05-09,Rule of thumb,14330.0,12750.733499448335,1579.2665005516637,3661.766500551663,163.12194944850933,1253.748273136243,32718.48332814557,1.3,1.3,lead time 0
CA_2,2016-05-16,Rule of thumb,14992.0,13208.40537793582,1783.59462206418,3204.094622064181,145.79770767621417,1443.1980170560812,33646.86990860669,1.3,1.3,lead time 0
CA_2,2016-05-23,Rule of thumb,14922.0,13046.144970129542,1875.8550298704563,3366.355029870456,169.1867484875828,1335.2085517779306,32638.321933922918,1.3,1.3,lead time 0
CA_2,2016-05-30,Rule of thumb,16183.0,13263.248063508383,2919.751936491616,3149.251936491616,182.97861974313372,1812.2506430066778,31828.354509659228,1.3,1.3,lead time 0
CA_2,2016-06-06,Rule of thumb,15360.0,12440.345592091531,2919.654407908468,3972.154407908469,236.68916028811452,1571.9420591294665,29364.45171701344,1.3,1.3,lead time 0
CA_2,2016-06-13,Rule of thumb,14503.0,12124.894939356924,2378.105060643077,4287.605060643076,247.7663082556188,1527.0262440416736,28049.27824347101,1.3,1.3,lead time 0
CA_3,2016-03-28,Rule of thumb,20003.0,18823.525,1179.4750000000004,8602.899999999998,394.4386586478522,895.4580236060706,46004.376966550095,1.3,1.3,lead time 0
CA_3,2016-04-04,Rule of thumb,21877.0,20326.15,1550.85,6895.700000000001,319.96728881539195,1105.7766421703568,50106.44348598016,1.3,1.3,lead time 0
CA_3,2016-04-11,Rule of thumb,20212.0,19341.773951593947,870.2260484060508,8084.651048406047,364.86561269591874,649.9382725114352,48602.147568088534,1.3,1.3,lead time 0
CA_3,2016-04-18,Rule of thumb,19207.0,18384.783460321065,822.2165396789342,9041.641539678934,409.2117690106169,686.8395400756967,46293.170502173496,1.3,1.3,lead time 0
CA_3,2016-04-25,Rule of thumb,18634.0,17822.84222164741,811.15777835259,9603.582778352593,443.06287433646463,739.6331698289473,44610.94744819135,1.3,1.3,lead time 0
CA_3,2016-05-02,Rule of thumb,19547.0,18466.21368888696,1080.7863111130398,8960.211311113038,409.58088966338295,904.5839341668533,46440.58729525324,1.3,1.3,lead time 0
CA_3,2016-05-09,Rule of thumb,19934.0,18783.004016993098,1150.9959830069006,7989.534382174915,362.892825448008,1007.594764364296,47486.91218569556,1.3,1.3,lead time 0
CA_3,2016-05-16,Rule of thumb,19252.0,18234.1948238549,1017.8051761451012,8485.249444977831,415.60456414253946,701.3273747307057,45113.05203863581,1.3,1.3,lead time 0
CA_3,2016-05-23,Rule of thumb,19322.0,18144.346888672073,1177.6531113279266,8493.576025063054,425.4150046627706,705.9761945892211,44108.75739684361,1.3,1.3,lead time 0
CA_3,2016-05-30,Rule of thumb,21019.0,19358.435205686423,1660.5647943135796,7446.856593267655,415.2630743740968,1175.8523701651625,44433.34922133428,1.3,1.3,lead time 0
CA_3,2016-06-06,Rule of thumb,21211.0,18087.934391781957,3123.065608218044,8735.878005574097,478.10370113194034,1568.9145881542604,41531.12472323277,1.3,1.3,lead time 0
CA_3,2016-06-13,Rule of thumb,18399.0,16942.15052935683,1456.8494706431711,10484.274470643171,534.8364160829361,995.1150210954139,38752.32850031523,1.3,1.3,lead time 0
CA_4,2016-03-28,Rule of thumb,7788.0,7069.875000000001,718.1249999999999,3178.0250000000005,161.19334833077022,540.0931103109035,18180.09248534739,1.3,1.3,lead time 0
CA_4,2016-04-04,Rule of thumb,8100.0,7313.256684903717,786.7433150962833,2934.643315096283,137.107553041169,721.9087671091219,19405.757434595653,1.3,1.3,lead time 0
CA_4,2016-04-11,Rule of thumb,7719.0,7048.057313942555,670.9426860574443,3199.8426860574436,155.54894225154953,522.2101674441249,18579.10228575571,1.3,1.3,lead time 0
CA_4,2016-04-18,Rule of thumb,8561.0,7509.948570710902,1051.051429289098,2737.951429289098,127.1014046376835,882.532905698622,19936.303610946627,1.3,1.3,lead time 0
CA_4,2016-04-25,Rule of thumb,8103.0,7339.43544941393,763.5645505860696,2908.464550586069,141.13683004889364,622.7144850004853,19551.132160337955,1.3,1.3,lead time 0
CA_4,2016-05-02,Rule of thumb,8048.0,7238.721935596774,809.2780644032266,3009.178064403227,151.62242550371545,653.9204617499479,19267.51224257576,1.3,1.3,lead time 0
CA_4,2016-05-09,Rule of thumb,8671.0,7723.733080824963,947.2669191750373,2524.166919175036,134.47907833257307,734.2067956956811,20139.755426643005,1.3,1.3,lead time 0
CA_4,2016-05-16,Rule of thumb,8531.0,7636.529857457936,894.4701425420647,2611.370142542064,140.7198601233651,651.0804909167891,19827.4959705705,1.3,1.3,lead time 0
CA_4,2016-05-23,Rule of thumb,8402.0,7612.083030604914,789.9169693950852,2635.816969395085,138.25788701000477,607.0825590305137,19755.070012469696,1.3,1.3,lead time 0
CA_4,2016-05-30,Rule of thumb,8988.0,7661.789496415984,1326.2105035840152,2586.1105035840155,151.52357189274323,915.215297014322,18887.572319405586,1.3,1.3,lead time 0
CA_4,2016-06-06,Rule of thumb,8393.0,7264.717209120405,1128.2827908795957,2983.182790879596,175.01046723457108,758.000558707875,17611.03576478677,1.3,1.3,lead time 0
CA_4,2016-06-13,Rule of thumb,8101.0,6995.118476647815,1105.881523352185,3252.781523352185,179.48970484433926,793.3362755057587,17226.68288441586,1.3,1.3,lead time 0
CA_1,2016-03-28,ML point,15318.0,14334.928458920866,983.0715410791337,4811.471541079134,233.1033169360333,722.2378821904956,36472.82461301067,1.3,1.3,lead time 0
CA_1,2016-04-04,ML point,16078.0,14850.672793638578,1227.3272063614218,4295.727206361421,217.14305849001568,944.3896904699723,37361.32575511038,1.3,1.3,lead time 0
CA_1,2016-04-11,ML point,14891.0,13996.910304886896,894.0896951131022,5149.489695113101,241.17628305696175,690.94917379904,35817.81175500051,1.3,1.3,lead time 0
CA_1,2016-04-18,ML point,15342.0,14152.769331120697,1189.2306688793049,4993.6306688793065,240.4114006480687,943.2466545368816,36291.16443444438,1.3,1.3,lead time 0
CA_1,2016-04-25,ML point,15560.0,14397.338845573351,1162.6611544266484,4749.0611544266485,228.29337628761343,785.7350031577921,37011.72756531203,1.3,1.3,lead time 0
CA_1,2016-05-02,ML point,16586.0,14921.312767943116,1664.6872320568832,4225.087232056887,207.6187080431372,1370.245219336164,37862.80446481446,1.3,1.3,lead time 0
CA_1,2016-05-09,ML point,17114.0,15236.877874767419,1877.1221252325818,3909.5221252325837,196.82234954575472,1343.7378387010542,39027.36953962061,1.3,1.3,lead time 0
CA_1,2016-05-16,ML point,16739.0,14913.460531128705,1825.5394688712938,4232.939468871296,212.22936825398557,1291.6981741210184,38104.203685157714,1.3,1.3,lead time 0
CA_1,2016-05-23,ML point,15914.0,14717.547459821652,1196.4525401783487,4428.852540178353,238.35140719579255,972.5961814741294,36650.02983348805,1.3,1.3,lead time 0
CA_1,2016-05-30,ML point,17326.0,14875.937033630296,2450.062966369702,4270.462966369705,264.69293498232696,1642.5782868440615,35177.73904582008,1.3,1.3,lead time 0
CA_1,2016-06-06,ML point,16447.0,14281.295534916697,2165.704465083303,4865.104465083303,286.6797568414829,1639.8803842391917,32616.337783853003,1.3,1.3,lead time 0
CA_1,2016-06-13,ML point,15703.0,13914.537172004062,1788.4628279959388,5231.862827995939,287.5874773352548,1365.2490404551836,32364.52274114843,1.3,1.3,lead time 0
CA_2,2016-03-28,ML point,13982.0,12670.411556106761,1311.5884438932383,3742.08844389324,171.29960369798442,1119.8193828404285,31622.73866921936,1.3,1.3,lead time 0
CA_2,2016-04-04,ML point,14026.0,12835.454583002524,1190.5454169974778,3577.0454169974755,157.94497412817648,1018.9105607493661,32830.02141746701,1.3,1.3,lead time 0
CA_2,2016-04-11,ML point,13354.0,12377.987259708436,976.0127402915646,4034.5127402915646,189.37506399448145,701.4857099676484,31548.201410969552,1.3,1.3,lead time 0
CA_2,2016-04-18,ML point,13787.0,12817.190867860883,969.8091321391162,3595.3091321391166,169.7052540739711,839.9706794327152,32406.916268457517,1.3,1.3,lead time 0
CA_2,2016-04-25,ML point,13713.0,12350.63719655764,1362.3628034423582,4061.8628034423577,185.07075750885116,1138.3315610299564,31571.41569310094,1.3,1.3,lead time 0
CA_2,2016-05-02,ML point,14097.0,12746.834512513746,1350.1654874862552,3665.6654874862547,177.30892852146258,1165.5425616316202,32150.875210483617,1.3,1.3,lead time 0
CA_2,2016-05-09,ML point,14330.0,12961.218775803656,1368.7812241963436,3451.281224196345,157.76508418368928,1100.8932706065002,33228.000003244706,1.3,1.3,lead time 0
CA_2,2016-05-16,ML point,14992.0,13323.430666578635,1668.5693334213652,3089.0693334213647,146.86068392267504,1365.8868411171443,33904.573828403154,1.3,1.3,lead time 0
CA_2,2016-05-23,ML point,14922.0,13304.627013834533,1617.372986165467,3107.8729861654674,160.71177491202494,1190.8282311543335,33119.589669334906,1.3,1.3,lead time 0
CA_2,2016-05-30,ML point,16183.0,13276.45109327163,2906.548906728369,3136.0489067283697,182.57735805465,1857.5558016564792,31677.337314159886,1.3,1.3,lead time 0
CA_2,2016-06-06,ML point,15360.0,12634.158645391864,2725.841354608137,3778.341354608138,218.18567301650017,1833.3668914525101,28493.03560926996,1.3,1.3,lead time 0
CA_2,2016-06-13,ML point,14503.0,12326.74371097586,2176.2562890241397,4085.7562890241397,226.70606846399863,1564.900595437989,27923.030405483296,1.3,1.3,lead time 0
CA_3,2016-03-28,ML point,20003.0,19077.665939817045,925.3340601829553,8348.759060182954,409.17442841495733,638.0595212627929,46862.37197436102,1.3,1.3,lead time 0
CA_3,2016-04-04,ML point,21877.0,20805.251895899877,1071.7481041001236,6621.17310410012,329.498980080251,826.7782558031171,51036.43810720429,1.3,1.3,lead time 0
CA_3,2016-04-11,ML point,20212.0,19511.002677940898,700.9973220591032,7246.072521860016,339.0333050636236,538.4197444776896,48973.87599486769,1.3,1.3,lead time 0
CA_3,2016-04-18,ML point,19207.0,18461.752258524688,745.2477414753112,8051.921559869505,386.8841179138271,596.536194361589,46594.18165455386,1.3,1.3,lead time 0
CA_3,2016-04-25,ML point,18634.0,18062.837416620965,571.1625833790347,8996.933597299201,430.91690352519527,497.7716374971605,45417.15255596397,1.3,1.3,lead time 0
CA_3,2016-05-02,ML point,19547.0,18738.495353243976,808.5046467560232,8687.929646756022,418.2248507127205,665.9069302157013,47236.177308423736,1.3,1.3,lead time 0
CA_3,2016-05-09,ML point,19934.0,19117.0264616729,816.9735383270992,7124.235481558257,347.6288328232159,619.3200342613418,48781.16128603874,1.3,1.3,lead time 0
CA_3,2016-05-16,ML point,19252.0,18250.907945485957,1001.0920545140423,7401.970663215848,397.7619770808516,594.1542063889063,45470.29593310848,1.3,1.3,lead time 0
CA_3,2016-05-23,ML point,19322.0,18430.780189613935,891.2198103860638,7546.019819438124,407.42651842194266,533.4928471566722,44683.70188828544,1.3,1.3,lead time 0
CA_3,2016-05-30,ML point,21019.0,19386.390920471422,1632.6090795285786,7820.575084935732,436.30307396164017,1088.6252197460187,44724.10638939809,1.3,1.3,lead time 0
CA_3,2016-06-06,ML point,21211.0,18925.64187899125,2285.358121008752,8500.783121008752,465.452584085552,1352.2465254122671,42253.351599039415,1.3,1.3,lead time 0
CA_3,2016-06-13,ML point,18399.0,17261.376721199376,1137.6232788006255,10165.048278800627,506.0033650237881,928.5085781711543,38974.34997672943,1.3,1.3,lead time 0
CA_4,2016-03-28,ML point,7788.0,7124.068770967371,663.9312290326287,3123.8312290326276,156.3090173926645,524.748279320481,18231.24192198213,1.3,1.3,lead time 0
CA_4,2016-04-04,ML point,8100.0,7407.569364973301,692.4306350266991,2840.3306350266976,130.5930706241742,634.4775764180263,19697.194736899306,1.3,1.3,lead time 0
CA_4,2016-04-11,ML point,7719.0,7102.161686424274,616.8383135757266,3145.738313575727,151.35089498945848,468.9255849021797,18756.71756089553,1.3,1.3,lead time 0
CA_4,2016-04-18,ML point,8561.0,7619.70397888863,941.2960211113689,2628.19602111137,122.77604341614231,792.9743381997536,20234.832169276186,1.3,1.3,lead time 0
CA_4,2016-04-25,ML point,8103.0,7480.017939575948,622.982060424053,2767.882060424051,133.3549556514725,534.5563559511347,19844.992590502457,1.3,1.3,lead time 0
CA_4,2016-05-02,ML point,8048.0,7328.576127071571,719.4238729284286,2919.3238729284294,144.2572084862258,627.1493974956581,19356.749123423397,1.3,1.3,lead time 0
CA_4,2016-05-09,ML point,8671.0,7767.736116966226,903.2638830337738,2480.1638830337724,129.41999614637666,646.8811356103508,20430.84096026077,1.3,1.3,lead time 0
CA_4,2016-05-16,ML point,8531.0,7712.260585012096,818.7394149879038,2535.6394149879047,135.34001808533753,605.2446577431167,19980.282081149406,1.3,1.3,lead time 0
CA_4,2016-05-23,ML point,8402.0,7515.432786502886,886.5672134971146,2732.4672134971142,141.77891961927529,648.3201507765884,19617.611373316115,1.3,1.3,lead time 0
CA_4,2016-05-30,ML point,8988.0,7669.667037440251,1318.3329625597494,2578.2329625597486,150.35129345158398,920.1828909343249,18871.01367300558,1.3,1.3,lead time 0
CA_4,2016-06-06,ML point,8393.0,7319.477787746753,1073.522212253247,2928.4222122532465,167.95854646144193,815.6729037463786,17418.79461465843,1.3,1.3,lead time 0
CA_4,2016-06-13,ML point,8101.0,7124.630600627592,976.3693993724085,3123.2693993724083,167.59734860487157,771.603732117657,17299.124695709535,1.3,1.3,lead time 0
CA_1,2016-03-28,ML newsvendor,15318.0,14136.180707642074,1181.8192923579263,5010.219292357928,245.7716157195381,849.2191768885733,36049.553630683746,,1.3,lead time 0
CA_1,2016-04-04,ML newsvendor,16078.0,14494.1231260011,1583.8768739989,4652.2768739989015,238.58279543980575,1202.00983954573,36502.59192485786,,1.3,lead time 0
CA_1,2016-04-11,ML newsvendor,14891.0,13862.799988267729,1028.2000117322734,5283.6000117322765,255.57513562970672,764.5830555213973,35572.365482592664,,1.3,lead time 0
CA_1,2016-04-18,ML newsvendor,15342.0,14106.892494434867,1235.1075055651324,5039.507505565135,244.281761337741,952.220162775553,36261.25274031547,,1.3,lead time 0
CA_1,2016-04-25,ML newsvendor,15560.0,14089.378700908965,1470.621299091036,5057.021299091035,245.5968249318432,1044.0917506588426,36150.53840697519,,1.3,lead time 0
CA_1,2016-05-02,ML newsvendor,16586.0,14593.772065285255,1992.2279347147455,4552.627934714748,219.24289418355082,1535.7373965996806,37311.163873936064,,1.3,lead time 0
CA_1,2016-05-09,ML newsvendor,17114.0,14834.021964238796,2279.978035761203,4312.378035761205,217.4644260429692,1614.803442796051,38123.81752597063,,1.3,lead time 0
CA_1,2016-05-16,ML newsvendor,16739.0,14602.482958638651,2136.5170413613478,4543.91704136135,229.43737437414546,1485.9096644853494,37456.83205060994,,1.3,lead time 0
CA_1,2016-05-23,ML newsvendor,15914.0,14101.792078043007,1812.2079219569919,5044.607921956993,269.8021180507698,1370.9000822386129,35322.3501642731,,1.3,lead time 0
CA_1,2016-05-30,ML newsvendor,17326.0,13978.095961212799,3347.904038787201,5168.304038787203,310.00863139473705,2241.574510014976,33181.0849685837,,1.3,lead time 0
CA_1,2016-06-06,ML newsvendor,16447.0,13396.889230753623,3050.1107692463765,5749.510769246383,345.55380327185765,2021.0658223405453,31345.719656848487,,1.3,lead time 0
CA_1,2016-06-13,ML newsvendor,15703.0,13133.584603357514,2569.4153966424865,6012.815396642487,344.6972985918858,1753.993918709154,31068.706480301866,,1.3,lead time 0
CA_2,2016-03-28,ML newsvendor,13982.0,12593.510357436893,1388.489642563107,3818.989642563104,181.60375796255875,1119.4302018372432,31624.03593922998,,1.3,lead time 0
CA_2,2016-04-04,ML newsvendor,14026.0,12665.160863695772,1360.8391363042283,3747.339136304229,169.04950496124445,1065.988604661938,32673.0946044251,,1.3,lead time 0
CA_2,2016-04-11,ML newsvendor,13354.0,12263.113002130753,1090.8869978692485,4149.386997869248,195.75370501035556,778.592346343011,31291.17928971834,,1.3,lead time 0
CA_2,2016-04-18,ML newsvendor,13787.0,12425.819230359022,1361.1807696409783,3986.6807696409787,186.6781950289085,1023.4555060690332,31795.30017966979,,1.3,lead time 0
CA_2,2016-04-25,ML newsvendor,13713.0,12178.959270574433,1534.0407294255688,4233.540729425569,198.64129095654602,1243.449542729807,31221.022420768102,,1.3,lead time 0
CA_2,2016-05-02,ML newsvendor,14097.0,12502.13194020268,1594.8680597973203,3910.3680597973207,190.4131005570616,1267.6596471512646,31810.48492541813,,1.3,lead time 0
CA_2,2016-05-09,ML newsvendor,14330.0,12655.235350727207,1674.7646492727927,3757.264649272792,176.05572370745108,1215.8220816918783,32844.90396629345,,1.3,lead time 0
CA_2,2016-05-16,ML newsvendor,14992.0,12986.518646495828,2005.4813535041721,3425.9813535041712,163.19853842749131,1492.43098528292,33482.76001451723,,1.3,lead time 0
CA_2,2016-05-23,ML newsvendor,14922.0,12633.79951417441,2288.2004858255896,3778.700485825588,192.24037069214194,1570.787376227521,31853.059185757615,,1.3,lead time 0
CA_2,2016-05-30,ML newsvendor,16183.0,12648.752981521051,3534.247018478949,3763.747018478948,215.88991285950902,2308.770932767825,30173.28687712207,,1.3,lead time 0
CA_2,2016-06-06,ML newsvendor,15360.0,12173.757624283942,3186.2423757160577,4238.742375716058,255.23516334134442,2034.1968870728879,27823.602290535368,,1.3,lead time 0
CA_2,2016-06-13,ML newsvendor,14503.0,11896.345151761536,2606.6548482384637,4516.154848238464,258.37786768618366,1676.123910877482,27552.286020684984,,1.3,lead time 0
CA_3,2016-03-28,ML newsvendor,20003.0,19187.845826472618,815.1541735273822,8238.579173527381,403.93759495187635,544.1023619962714,47175.56250524943,,1.3,lead time 0
CA_3,2016-04-04,ML newsvendor,21877.0,20522.515168739275,1354.4848312607223,6903.909831260721,346.3519060079002,1033.828858654579,50346.26943103276,,1.3,lead time 0
CA_3,2016-04-11,ML newsvendor,20212.0,19505.71308673636,706.2869132636404,7920.711913263641,372.9003681052135,588.7995305790314,48805.943374529874,,1.3,lead time 0
CA_3,2016-04-18,ML newsvendor,19207.0,18558.8593086468,648.1406913532015,8867.565691353204,416.83696942409006,531.1049758062134,46812.28571640511,,1.3,lead time 0
CA_3,2016-04-25,ML newsvendor,18634.0,17990.292851351478,643.7071486485227,9436.132148648518,446.55454360076504,535.4592066054098,45291.527325603136,,1.3,lead time 0
CA_3,2016-05-02,ML newsvendor,19547.0,18924.6835076095,622.3164923905006,8501.741492390502,404.1645153198693,502.0106050155872,47782.498392424124,,1.3,lead time 0
CA_3,2016-05-09,ML newsvendor,19934.0,19012.771802513584,921.2281974864148,8413.653197486412,401.70241024084953,692.7188778866317,48536.49847395444,,1.3,lead time 0
CA_3,2016-05-16,ML newsvendor,19252.0,18391.358287869778,860.6417121302188,9035.066712130216,472.9609725756691,486.76794321986074,45828.25014367196,,1.3,lead time 0
CA_3,2016-05-23,ML newsvendor,19322.0,18263.521981285998,1058.478018714,9162.903018714002,490.57619403580907,629.874203646144,44362.430699987206,,1.3,lead time 0
CA_3,2016-05-30,ML newsvendor,21019.0,18453.114340881737,2565.885659118265,8973.310659118262,486.47415094424787,1638.9994531166226,42889.52561149609,,1.3,lead time 0
CA_3,2016-06-06,ML newsvendor,21211.0,18695.054422057543,2515.945577942459,8731.370577942456,501.5241040723387,1493.638930062225,41782.043583539555,,1.3,lead time 0
CA_3,2016-06-13,ML newsvendor,18399.0,17167.02700303276,1231.9729969672399,10259.39799696724,535.3224378824488,800.8031113508313,39400.0348661305,,1.3,lead time 0
CA_4,2016-03-28,ML newsvendor,7788.0,7069.582234189813,718.4177658101873,3178.3177658101877,158.2292410207386,565.7982443362177,18094.40870526301,,1.3,lead time 0
CA_4,2016-04-04,ML newsvendor,8100.0,7124.965420503013,975.0345794969862,3122.934579496985,140.80469758698942,828.0468379680999,19051.963865065725,,1.3,lead time 0
CA_4,2016-04-11,ML newsvendor,7719.0,6897.456824978843,821.5431750211567,3350.443175021157,157.40171156775722,660.6709240647903,18117.56643035349,,1.3,lead time 0
CA_4,2016-04-18,ML newsvendor,8561.0,7275.245669999233,1285.7543300007676,2972.654330000766,135.5631302514397,1092.5843608029109,19236.132093932327,,1.3,lead time 0
CA_4,2016-04-25,ML newsvendor,8103.0,7234.054543280015,868.9454567199843,3013.8454567199833,137.68590651802475,711.248057674273,19256.020251425332,,1.3,lead time 0
CA_4,2016-05-02,ML newsvendor,8048.0,7105.854802353475,942.1451976465248,3142.0451976465256,146.62367954923457,772.1035509474972,18873.568611917264,,1.3,lead time 0
CA_4,2016-05-09,ML newsvendor,8671.0,7338.2889486494405,1332.711051350559,2909.6110513505582,140.0664305921085,952.9741119143259,19410.531039247522,,1.3,lead time 0
CA_4,2016-05-16,ML newsvendor,8531.0,7430.935535777732,1100.0644642222678,2816.9644642222675,139.9774881158177,787.0496262630004,19374.26551941646,,1.3,lead time 0
CA_4,2016-05-23,ML newsvendor,8402.0,7111.630517064657,1290.3694829353426,3136.2694829353422,153.00572172510977,919.7839787061707,18712.731946884174,,1.3,lead time 0
CA_4,2016-05-30,ML newsvendor,8988.0,7128.67576416916,1859.3242358308398,3119.2242358308395,168.6293056952826,1268.54665337863,17709.80113152456,,1.3,lead time 0
CA_4,2016-06-06,ML newsvendor,8393.0,6953.226810112627,1439.7731898873728,3294.673189887373,189.09645570106892,1052.7174165854497,16628.646238528192,,1.3,lead time 0
CA_4,2016-06-13,ML newsvendor,8101.0,6845.5124576325115,1255.4875423674882,3402.387542367488,190.7306843825353,928.5530598888635,16775.960269805513,,1.3,lead time 0
CA_1,2016-03-28,ML + LP,15318.0,14125.517095789073,1192.4829042109268,5020.882904210917,289.0390349341008,566.718760124712,36991.22168656328,,1.3,lead time 0
CA_1,2016-04-04,ML + LP,16078.0,14651.025599481787,1426.9744005182124,4495.374400518198,271.0979488238708,753.4828721751409,37997.68181609314,,1.3,lead time 0
CA_1,2016-04-11,ML + LP,14891.0,13954.004518915854,936.9954810841464,5192.395481084135,288.39462211334626,501.85576345332777,36448.123122819554,,1.3,lead time 0
CA_1,2016-04-18,ML + LP,15342.0,14111.325100826196,1230.674899173804,5035.074899173792,297.3257946263627,735.3197500573115,36984.254116042954,,1.3,lead time 0
CA_1,2016-04-25,ML + LP,15560.0,14213.887033122675,1346.112966877324,4932.512966877321,297.35462827633484,617.2539386975325,37573.33111351289,,1.3,lead time 0
CA_1,2016-05-02,ML + LP,16586.0,14754.603534875547,1831.3964651244546,4391.7964651244565,272.04820059396593,989.6191535480358,39131.55801744155,,1.3,lead time 0
CA_1,2016-05-09,ML + LP,17114.0,15112.113489233225,2001.8865107667748,4034.2865107667935,259.51015274502674,1046.1324488524876,40019.387505782506,,1.3,lead time 0
CA_1,2016-05-16,ML + LP,16739.0,14787.029727782687,1951.9702722173138,4359.370272217321,269.50241315234894,984.2520244991567,39129.02418389725,,1.3,lead time 0
CA_1,2016-05-23,ML + LP,15914.0,14513.742103543524,1400.2578964564773,4632.657896456473,302.2998923826074,754.6086390145996,37376.65497501982,,1.3,lead time 0
CA_1,2016-05-30,ML + LP,17326.0,14329.343818726964,2996.6561812730347,4817.056181273045,331.8600171243034,1344.1644037213573,36172.451989562425,,1.3,lead time 0
CA_1,2016-06-06,ML + LP,16447.0,13665.39716154114,2781.602838458861,5481.002838458895,365.79905036429994,1115.6187265843,34363.87664270264,,1.3,lead time 0
CA_1,2016-06-13,ML + LP,15703.0,13445.398657293144,2257.6013427068556,5701.001342706879,375.07178073015587,1061.435499622758,33377.23454392319,,1.3,lead time 0
CA_2,2016-03-28,ML + LP,13982.0,12542.233437830022,1439.7665621699784,3870.2665621699834,210.6809349198092,913.2831630461728,32311.192735200213,,1.3,lead time 0
CA_2,2016-04-04,ML + LP,14026.0,12863.49498832217,1162.5050116778293,3549.0050116778234,190.08061183521363,674.3651840204591,33978.50600656336,,1.3,lead time 0
CA_2,2016-04-11,ML + LP,13354.0,12343.586255436057,1010.4137445639424,4068.913744563922,229.18918963463386,518.6451750717729,32157.669860622467,,1.3,lead time 0
CA_2,2016-04-18,ML + LP,13787.0,12688.772942346026,1098.2270576539759,3723.727057653976,212.72358386148042,661.804958902846,33000.80200355708,,1.3,lead time 0
CA_2,2016-04-25,ML + LP,13713.0,12415.490618853517,1297.5093811464828,3997.0093811464817,228.86606478164742,790.3078995050872,32731.494564850498,,1.3,lead time 0
CA_2,2016-05-02,ML + LP,14097.0,12614.634910887904,1482.365089112096,3797.8650891121015,226.11015940951947,832.1369335488295,33262.227304092914,,1.3,lead time 0
CA_2,2016-05-09,ML + LP,14330.0,12886.47801603785,1443.5219839621495,3526.0219839621377,210.31535232527148,794.9162965456887,34247.92325011408,,1.3,lead time 0
CA_2,2016-05-16,ML + LP,14992.0,13187.047657786212,1804.9523422137893,3225.452342213799,195.00068771743412,1033.5570169990738,35012.33990879672,,1.3,lead time 0
CA_2,2016-05-23,ML + LP,14922.0,12943.646249906073,1978.3537500939258,3468.8537500939356,223.00138547589216,1006.8513245466163,33732.84602469397,,1.3,lead time 0
CA_2,2016-05-30,ML + LP,16183.0,12794.847811499883,3388.152188500116,3617.6521885001102,242.20801172358932,1518.8814056061656,32806.25196766093,,1.3,lead time 0
CA_2,2016-06-06,ML + LP,15360.0,11947.348921764453,3412.651078235547,4465.151078235533,291.69722952517236,1376.30884223791,30016.562439985293,,1.3,lead time 0
CA_2,2016-06-13,ML + LP,14503.0,11733.652023871653,2769.3479761283475,4678.847976128349,302.4857426174641,1203.0066591793611,29129.343526345387,,1.3,lead time 0
CA_3,2016-03-28,ML + LP,20003.0,19034.18946428826,968.8105357117356,8392.23553571176,477.7749503618895,470.586467200685,47420.61548790138,,1.3,lead time 0
CA_3,2016-04-04,ML + LP,21877.0,20465.293025404742,1411.7069745952576,6961.131974595245,405.4328521041972,716.929145778106,51402.60180728766,,1.3,lead time 0
CA_3,2016-04-11,ML + LP,20212.0,19669.282854857065,542.7171451429348,7757.142145142951,426.16000538826415,278.94408312548404,49838.7948660417,,1.3,lead time 0
CA_3,2016-04-18,ML + LP,19207.0,18550.812216124825,656.1877838751782,8875.612783875147,493.2572422970412,425.1859591906349,47165.34910512369,,1.3,lead time 0
CA_3,2016-04-25,ML + LP,18634.0,18075.638375558767,558.3616244412325,9350.78662444124,518.0505379525886,363.1279825973786,45865.96473896324,,1.3,lead time 0
CA_3,2016-05-02,ML + LP,19547.0,18792.460128276245,754.5398717237558,8633.964871723776,472.84095442554644,340.12913381845647,48322.103296414556,,1.3,lead time 0
CA_3,2016-05-09,ML + LP,19934.0,19166.511339176446,767.488660823555,8259.913660823599,468.73757586662316,482.80503097995125,49236.21129697671,,1.3,lead time 0
CA_3,2016-05-16,ML + LP,19252.0,18366.081813130175,885.9181868698244,9060.34318686984,550.1108478138868,383.4287594045539,46172.714089722984,,1.3,lead time 0
CA_3,2016-05-23,ML + LP,19322.0,18334.86098091943,987.1390190805723,9091.564019080572,550.7739194949539,472.3113464782142,44887.6402238803,,1.3,lead time 0
CA_3,2016-05-30,ML + LP,21019.0,18999.036006234943,2019.9639937650568,8427.388993765086,539.370012241281,1016.9833018888467,44962.91278225533,,1.3,lead time 0
CA_3,2016-06-06,ML + LP,21211.0,18314.968677965517,2896.031322034485,9111.45632203448,558.7552396459018,1060.6872957486885,43225.215697918014,,1.3,lead time 0
CA_3,2016-06-13,ML + LP,18399.0,17095.19727581477,1303.8027241852294,10331.227724185243,597.1235564958481,564.3965966347487,40188.05658185078,,1.3,lead time 0
CA_4,2016-03-28,ML + LP,7788.0,7043.3876768588325,744.612323141167,3204.512323141167,188.3271304979367,382.9763939156446,18703.81487333159,,1.3,lead time 0
CA_4,2016-04-04,ML + LP,8100.0,7392.039641498856,707.9603585011437,2855.8603585011374,160.04269757786415,429.1302835450923,20381.68571314242,,1.3,lead time 0
CA_4,2016-04-11,ML + LP,7719.0,7016.1615421033775,702.8384578966227,3231.738457896608,187.00871173172925,376.32972246878427,19065.37043567351,,1.3,lead time 0
CA_4,2016-04-18,ML + LP,8561.0,7583.177611853358,977.8223881466406,2664.7223881466393,151.40574827829448,612.9016539769057,20835.074450019012,,1.3,lead time 0
CA_4,2016-04-25,ML + LP,8103.0,7386.065556532659,716.9344434673408,2861.8344434673354,170.49028995412888,396.84037440983457,20304.04586230679,,1.3,lead time 0
CA_4,2016-05-02,ML + LP,8048.0,7247.503768944847,800.4962310551534,3000.3962310551497,177.33570350545432,450.72379705599576,19944.83445822227,,1.3,lead time 0
CA_4,2016-05-09,ML + LP,8671.0,7617.393793625912,1053.606206374088,2630.506206374099,165.47099281759617,546.2484073665619,20766.28338774007,,1.3,lead time 0
CA_4,2016-05-16,ML + LP,8531.0,7566.388694382891,964.6113056171091,2681.511305617115,171.04736694993082,476.32681231845777,20410.00823256494,,1.3,lead time 0
CA_4,2016-05-23,ML + LP,8402.0,7412.22463622537,989.7753637746301,2835.675363774636,177.99591315539638,552.4287532296315,19937.2493651393,,1.3,lead time 0
CA_4,2016-05-30,ML + LP,8988.0,7455.6046147036195,1532.39538529638,2792.295385296377,186.9301256567107,790.597594020478,19302.964662718405,,1.3,lead time 0
CA_4,2016-06-06,ML + LP,8393.0,7061.829510886984,1331.1704891130157,3186.070489113006,211.29462895363378,639.5181881777268,18005.976999887265,,1.3,lead time 0
CA_4,2016-06-13,ML + LP,8101.0,6981.787357611636,1119.2126423883642,3266.112642388371,210.91338581543624,591.827900310023,17898.377468401646,,1.3,lead time 0
CA_1,2016-03-28,Rule of thumb,15318.0,14366.75,951.25,7725.25,382.274150275439,808.8834117954331,36184.00618099421,1.5,1.5,lead time 0
CA_1,2016-04-04,Rule of thumb,16078.0,15210.157811662648,867.8421883373526,6881.842188337352,347.2067533175708,646.3980033521608,38354.63137883642,1.5,1.5,lead time 0
CA_1,2016-04-11,Rule of thumb,14891.0,14199.570067807646,691.4299321923538,7892.429932192357,386.5034213181641,523.4925674007021,36376.00044299498,1.5,1.5,lead time 0
CA_1,2016-04-18,Rule of thumb,15342.0,14294.890345378511,1047.1096546214874,7797.109654621488,380.45035133798444,858.8973898802533,36572.32864996647,1.5,1.5,lead time 0
CA_1,2016-04-25,Rule of thumb,15560.0,14449.254028764255,1110.745971235745,7642.745971235745,369.50605075401603,743.9815362153915,37150.905788453354,1.5,1.5,lead time 0
CA_1,2016-05-02,Rule of thumb,16586.0,15247.703339951975,1338.2966600480243,6844.296660048025,335.60102121802674,1091.0269348209956,38793.532079865014,1.5,1.5,lead time 0
CA_1,2016-05-09,Rule of thumb,17114.0,15750.751561363082,1363.2484386369185,6341.24843863692,319.74231262376435,1061.0549409167077,39969.64586556843,1.5,1.5,lead time 0
CA_1,2016-05-16,Rule of thumb,16739.0,15570.865072898923,1168.1349271010783,6521.134927101077,330.0533760948898,868.9039383442339,39513.517804413656,1.5,1.5,lead time 0
CA_1,2016-05-23,Rule of thumb,15914.0,15164.815201578047,749.1847984219532,6927.184798421956,360.3309826569904,614.9576589185571,37842.158242006626,1.5,1.5,lead time 0
CA_1,2016-05-30,Rule of thumb,17326.0,16077.413990252371,1248.5860097476252,6014.586009747623,353.81543723978564,776.8036527722522,38063.65449272611,1.5,1.5,lead time 0
CA_1,2016-06-06,Rule of thumb,16447.0,15078.980878667859,1368.0191213321407,7013.019121332141,403.7529963083357,757.6338598851778,35557.15953169971,1.5,1.5,lead time 0
CA_1,2016-06-13,Rule of thumb,15703.0,14490.307259775782,1212.6927402242188,7601.692740224217,427.0949742547321,1010.2029395294243,33548.009744234296,1.5,1.5,lead time 0
CA_2,2016-03-28,Rule of thumb,13982.0,12971.625,1010.375,5965.875,270.05984631059425,836.083126830416,32568.526189252734,1.5,1.5,lead time 0
CA_2,2016-04-04,Rule of thumb,14026.0,13180.033679598404,845.9663204015967,5757.466320401597,251.60786130025298,721.4793934314996,33821.4586418599,1.5,1.5,lead time 0
CA_2,2016-04-11,Rule of thumb,13354.0,12662.670950946524,691.3290490534766,6274.829049053477,289.93891080144493,483.39091129002105,32275.184073228305,1.5,1.5,lead time 0
CA_2,2016-04-18,Rule of thumb,13787.0,13140.886383932037,646.1136160679621,5796.613616067961,267.70013673348416,537.195914420918,33416.16548516351,1.5,1.5,lead time 0
CA_2,2016-04-25,Rule of thumb,13713.0,12728.709426149984,984.2905738500162,6208.790573850018,288.2446441110975,812.4511183482431,32657.683835373315,1.5,1.5,lead time 0
CA_2,2016-05-02,Rule of thumb,14097.0,13092.935307535416,1004.0646924645822,5844.564692464582,280.70075601824425,871.9447438225703,33129.534603180444,1.5,1.5,lead time 0
CA_2,2016-05-09,Rule of thumb,14330.0,13308.707790381039,1021.2922096189627,5628.792209618965,259.3378290405964,811.6770315789994,34192.05413333638,1.5,1.5,lead time 0
CA_2,2016-05-16,Rule of thumb,14992.0,13866.01419968644,1125.98580031356,5071.485800313558,237.3391349665533,932.3790623328218,35349.59975768423,1.5,1.5,lead time 0
CA_2,2016-05-23,Rule of thumb,14922.0,13791.899119842226,1130.1008801577743,5145.600880157778,259.71070934159025,803.3609786236548,34411.1471777705,1.5,1.5,lead time 0
CA_2,2016-05-30,Rule of thumb,16183.0,14410.330164288154,1772.6698357118457,4527.169835711846,257.40584398710484,1035.7357976749975,34416.73732743149,1.5,1.5,lead time 0
CA_2,2016-06-06,Rule of thumb,15360.0,13232.489924206075,2127.5100757939254,5705.010075793925,328.7995185579329,1043.8973123270669,31124.600873021438,1.5,1.5,lead time 0
CA_2,2016-06-13,Rule of thumb,14503.0,12789.579176779862,1713.4208232201363,6147.920823220136,342.4793261961751,1057.5351153756258,29614.24867235784,1.5,1.5,lead time 0
CA_3,2016-03-28,Rule of thumb,20003.0,19161.625,841.375,12484.25,576.6829176166227,595.5999128018107,47003.90400256429,1.5,1.5,lead time 0
CA_3,2016-04-04,Rule of thumb,21877.0,20876.75,1000.25,10563.875,498.6646241175277,720.8231232206736,51389.62188247911,1.5,1.5,lead time 0
CA_3,2016-04-11,Rule of thumb,20212.0,19684.860002488975,527.1399975110268,11961.014997511027,552.7581337912989,386.41336331276943,49480.563932084086,1.5,1.5,lead time 0
CA_3,2016-04-18,Rule of thumb,19207.0,18658.37371023975,548.6262897602489,12987.501289760246,599.5730444236247,460.25955192975607,47048.43712932663,1.5,1.5,lead time 0
CA_3,2016-04-25,Rule of thumb,18634.0,18063.223258693146,570.7767413068532,13582.651741306856,635.3535587924528,538.986943091714,45279.76820398212,1.5,1.5,lead time 0
CA_3,2016-05-02,Rule of thumb,19547.0,18801.169848004403,745.8301519955993,12844.7051519956,596.1248528141364,616.9334865531645,47399.422120632196,1.5,1.5,lead time 0
CA_3,2016-05-09,Rule of thumb,19934.0,19227.95361441344,706.0463855865634,11707.994176762597,541.641426313246,632.2081849788711,48738.20078364698,1.5,1.5,lead time 0
CA_3,2016-05-16,Rule of thumb,19252.0,18576.068553848647,675.9314461513527,12297.376693355858,604.2084187549789,464.6415210318514,45902.00488429866,1.5,1.5,lead time 0
CA_3,2016-05-23,Rule of thumb,19322.0,18584.79159010735,737.2084098926493,12189.718742956047,608.8159528588064,416.0978839104174,45075.018432439625,1.5,1.5,lead time 0
CA_3,2016-05-30,Rule of thumb,21019.0,20112.849489459935,906.1505105400654,10872.869253496112,585.399182239034,683.5788939870729,46074.26080859458,1.5,1.5,lead time 0
CA_3,2016-06-06,Rule of thumb,21211.0,18636.92730930088,2574.0726906991204,12406.449808972622,659.0086166639605,1210.047544499323,42727.34820208256,1.5,1.5,lead time 0
CA_3,2016-06-13,Rule of thumb,18399.0,17350.998106276747,1048.0018937232537,14294.876893723253,720.3126102308343,737.2841633223405,39611.76469289214,1.5,1.5,lead time 0
CA_4,2016-03-28,Rule of thumb,7788.0,7269.25,518.75,4555.25,231.78887108230165,387.96010995837196,18687.202486522496,1.5,1.5,lead time 0
CA_4,2016-04-04,Rule of thumb,8100.0,7556.2709016184635,543.7290983815362,4268.2290983815365,203.6534598016284,507.38952170355714,20120.821585947535,1.5,1.5,lead time 0
CA_4,2016-04-11,Rule of thumb,7719.0,7264.0327349945555,454.9672650054445,4560.467265005444,224.98755863394223,352.5075340202054,19144.777730502108,1.5,1.5,lead time 0
CA_4,2016-04-18,Rule of thumb,8561.0,7839.974107944607,721.0258920553924,3984.5258920553943,189.08085114038877,602.9795732147285,20868.1480525596,1.5,1.5,lead time 0
CA_4,2016-04-25,Rule of thumb,8103.0,7605.954047504698,497.045952495303,4218.545952495302,208.1888068533157,410.6143514878623,20258.13260538003,1.5,1.5,lead time 0
CA_4,2016-05-02,Rule of thumb,8048.0,7499.187490093411,548.8125099065886,4325.312509906589,219.28448004812145,440.9923296407695,19977.272682939692,1.5,1.5,lead time 0
CA_4,2016-05-09,Rule of thumb,8671.0,8087.073372038473,583.9266279615265,3737.4266279615267,199.07012369722048,469.77740744254754,21021.186720820115,1.5,1.5,lead time 0
CA_4,2016-05-16,Rule of thumb,8531.0,7921.967886226912,609.032113773088,3902.5321137730875,209.41089283298163,442.13128582619237,20523.99332087249,1.5,1.5,lead time 0
CA_4,2016-05-23,Rule of thumb,8402.0,7945.715220939475,456.28477906052467,3878.784779060524,203.29548355556972,351.33979344277657,20607.545897762153,1.5,1.5,lead time 0
CA_4,2016-05-30,Rule of thumb,8988.0,8164.265069937469,823.7349300625308,3660.23493006253,210.57356195634355,580.5024528430307,20003.281799976558,1.5,1.5,lead time 0
CA_4,2016-06-06,Rule of thumb,8393.0,7605.52363771335,787.4763622866511,4218.976362286651,240.0629734190269,514.4825391482394,18422.762496652227,1.5,1.5,lead time 0
CA_4,2016-06-13,Rule of thumb,8101.0,7318.701837947382,782.2981620526177,4505.798162052618,243.18760821587023,532.9306068854414,18094.701779816918,1.5,1.5,lead time 0
CA_1,2016-03-28,ML point,15318.0,14772.661590522752,545.3384094772475,7319.338409477246,357.96357781315845,373.84992797142,37634.11779374092,1.5,1.5,lead time 0
CA_1,2016-04-04,ML point,16078.0,15380.80176917047,697.1982308295317,6711.198230829532,338.7360767040269,546.6822858530447,38687.017103833474,1.5,1.5,lead time 0
CA_1,2016-04-11,ML point,14891.0,14328.454958457714,562.5450415422866,7763.545041542287,369.42741695524893,408.7579018846266,36758.44932804856,1.5,1.5,lead time 0
CA_1,2016-04-18,ML point,15342.0,14501.7798896293,840.2201103706998,7590.220110370699,370.39435884373495,669.3242786265197,37204.23902081225,1.5,1.5,lead time 0
CA_1,2016-04-25,ML point,15560.0,14801.499209908801,758.5007900911999,7290.500790091198,354.6642322139302,451.21671692027724,38126.788519437076,1.5,1.5,lead time 0
CA_1,2016-05-02,ML point,16586.0,15454.94527855431,1131.0547214456901,6637.054721445691,328.31487804097105,960.3935640970143,39228.976648944954,1.5,1.5,lead time 0
CA_1,2016-05-09,ML point,17114.0,15946.188916338808,1167.8110836611913,6145.811083661194,310.0007940558843,792.7246246933632,40864.080252979584,1.5,1.5,lead time 0
CA_1,2016-05-16,ML point,16739.0,15564.236224870052,1174.763775129949,6527.763775129949,326.5739419514291,762.8778168000248,39866.93820956102,1.5,1.5,lead time 0
CA_1,2016-05-23,ML point,15914.0,15271.577044018704,642.4229559812962,6820.422955981295,358.2865084813235,537.0815474338058,38101.74528028913,1.5,1.5,lead time 0
CA_1,2016-05-30,ML point,17326.0,15930.803502705912,1395.1964972940864,6161.196497294086,365.3327385108078,920.7235438395447,37583.921522501805,1.5,1.5,lead time 0
CA_1,2016-06-06,ML point,16447.0,15179.362851496599,1267.6371485034028,6912.637148503401,391.0460014073491,1017.6765915193627,34690.35042625244,1.5,1.5,lead time 0
CA_1,2016-06-13,ML point,15703.0,14643.1802981989,1059.819701801099,7448.8197018011,396.88286126508655,833.005754632989,34138.667027222415,1.5,1.5,lead time 0
CA_2,2016-03-28,ML point,13982.0,13133.444938554307,848.5550614456931,5804.055061445693,269.3302016144705,735.4605583207099,32903.934750951754,1.5,1.5,lead time 0
CA_2,2016-04-04,ML point,14026.0,13313.563465650848,712.4365343491527,5623.936534349152,253.6946921600188,595.565625245997,34241.17120247824,1.5,1.5,lead time 0
CA_2,2016-04-11,ML point,13354.0,12728.786189060487,625.2138109395128,6208.713810939511,295.1520985726306,418.9512213891629,32489.983039564497,1.5,1.5,lead time 0
CA_2,2016-04-18,ML point,13787.0,13212.793879475817,574.2061205241839,5724.706120524183,271.3839123651489,496.42777914809506,33552.05926940625,1.5,1.5,lead time 0
CA_2,2016-04-25,ML point,13713.0,12805.33399834774,907.6660016522604,6132.166001652262,282.19999704248215,735.9946323853212,32912.53878858306,1.5,1.5,lead time 0
CA_2,2016-05-02,ML point,14097.0,13229.831278741218,867.1687212587829,5707.668721258784,276.3235183573801,786.4530358768941,33414.50696299937,1.5,1.5,lead time 0
CA_2,2016-05-09,ML point,14330.0,13469.343985549027,860.656014450974,5468.156014450973,256.08939782178845,701.4101246643763,34559.610489718456,1.5,1.5,lead time 0
CA_2,2016-05-16,ML point,14992.0,13912.071211371365,1079.9287886286347,5025.428788628636,241.01903164994133,897.5934463288464,35465.55181103081,1.5,1.5,lead time 0
CA_2,2016-05-23,ML point,14922.0,14046.538778590795,875.4612214092049,4890.961221409205,249.95824203510222,654.5282886816847,34907.256144243736,1.5,1.5,lead time 0
CA_2,2016-05-30,ML point,16183.0,14375.8643757368,1807.1356242631982,4561.635624263197,257.984301019217,1109.1916346490493,34171.88453751799,1.5,1.5,lead time 0
CA_2,2016-06-06,ML point,15360.0,13531.66557270649,1828.3344272935094,5405.834427293511,299.32715734620365,1208.7165014235802,30575.20357603306,1.5,1.5,lead time 0
CA_2,2016-06-13,ML point,14503.0,13003.007282645744,1499.992717354256,5934.492717354255,315.82746800745934,1079.0434821400818,29542.55411647632,1.5,1.5,lead time 0
CA_3,2016-03-28,ML point,20003.0,19358.757050261054,644.2429497389462,12287.117949738942,602.5270262627741,431.22110151348204,47551.833373525384,1.5,1.5,lead time 0
CA_3,2016-04-04,ML point,21877.0,21334.822916475932,542.1770835240676,10311.052083524071,509.448374462233,427.3301246727482,52367.93187763886,1.5,1.5,lead time 0
CA_3,2016-04-11,ML point,20212.0,19871.828208062987,340.1717919370126,11052.150535297866,522.562717419683,229.44468265323624,50003.79286761586,1.5,1.5,lead time 0
CA_3,2016-04-18,ML point,19207.0,18760.712606773806,446.28739322619094,11883.869417414753,575.5820084975396,364.25172322325227,47368.46322501497,1.5,1.5,lead time 0
CA_3,2016-04-25,ML point,18634.0,18325.752929270217,308.247070729786,12955.747038839145,624.139270970298,280.76654358111705,46140.502869017444,1.5,1.5,lead time 0
CA_3,2016-05-02,ML point,19547.0,19001.662944327523,545.3370556724767,12644.212055672479,612.4091863434203,455.07550662919067,47938.94872037877,1.5,1.5,lead time 0
CA_3,2016-05-09,ML point,19934.0,19559.390494949686,374.6095050503118,10801.706102314463,530.6557033784436,271.47077034249577,49940.6588324349,1.5,1.5,lead time 0
CA_3,2016-05-16,ML point,19252.0,18657.948971340986,594.0510286590151,11037.092799824915,585.410490733841,344.23243818277234,46303.368493795584,1.5,1.5,lead time 0
CA_3,2016-05-23,ML point,19322.0,18892.68862729764,429.31137270235985,11150.6896824338,590.6971587806117,249.29917376484366,45631.01413292487,1.5,1.5,lead time 0
CA_3,2016-05-30,ML point,21019.0,20227.63799481972,791.3620051802786,11204.27378162543,609.4130703185507,584.0715862212656,46405.9518344806,1.5,1.5,lead time 0
CA_3,2016-06-06,ML point,21211.0,19755.35000635546,1455.649993644541,11890.524993644543,634.547904122714,836.4156539020939,43972.787837406664,1.5,1.5,lead time 0
CA_3,2016-06-13,ML point,18399.0,17673.809370980285,725.1906290197147,13972.065629019715,687.3615189803284,655.6396462486648,39883.913083137726,1.5,1.5,lead time 0
CA_4,2016-03-28,ML point,7788.0,7349.528370470365,438.4716295296359,4474.971629529636,223.79472634444295,334.87886167644876,18864.139980795575,1.5,1.5,lead time 0
CA_4,2016-04-04,ML point,8100.0,7647.139225953166,452.8607740468336,4177.360774046832,196.933808556067,421.8995787076717,20405.788062600484,1.5,1.5,lead time 0
CA_4,2016-04-11,ML point,7719.0,7334.122085132339,384.8779148676613,4490.37791486766,219.75716734191556,286.0433051636673,19366.325160023902,1.5,1.5,lead time 0
CA_4,2016-04-18,ML point,8561.0,7951.846548407708,609.153451592292,3872.6534515922926,184.88614235644852,512.2062350937573,21170.725846296173,1.5,1.5,lead time 0
CA_4,2016-04-25,ML point,8103.0,7757.585524455297,345.4144755447033,4066.9144755447032,198.03486673782245,288.26140060170485,20665.97577500056,1.5,1.5,lead time 0
CA_4,2016-05-02,ML point,8048.0,7591.818305895512,456.1816941044875,4232.681694104487,211.11613770786857,411.3692680774144,20076.016221484206,1.5,1.5,lead time 0
CA_4,2016-05-09,ML point,8671.0,8144.004445797243,526.9955542027573,3680.495554202757,192.99576184647975,364.5156345887052,21372.05929699959,1.5,1.5,lead time 0
CA_4,2016-05-16,ML point,8531.0,8002.680978713712,528.3190212862884,3821.819021286289,202.5036087496738,379.15788350749153,20733.904661934826,1.5,1.5,lead time 0
CA_4,2016-05-23,ML point,8402.0,7881.386158772506,520.6138412274948,3943.113841227496,205.5288639565653,373.3161187172345,20534.291480180626,1.5,1.5,lead time 0
CA_4,2016-05-30,ML point,8988.0,8181.197951591912,806.8020484080876,3643.302048408088,208.06978484815144,565.929412487625,20051.858601161246,1.5,1.5,lead time 0
CA_4,2016-06-06,ML point,8393.0,7755.741135520177,637.2588644798238,4068.7588644798234,226.96252676573783,500.1451177922656,18470.55390117214,1.5,1.5,lead time 0
CA_4,2016-06-13,ML point,8101.0,7474.828309813589,626.1716901864104,4349.67169018641,227.82642660673145,483.8083292193977,18258.442705370395,1.5,1.5,lead time 0
CA_1,2016-03-28,ML newsvendor,15318.0,14697.133625845683,620.8663741543166,7394.866374154317,366.2965325525129,426.1021101527053,37459.94385313664,,1.5,lead time 0
CA_1,2016-04-04,ML newsvendor,16078.0,15342.610447907731,735.3895520922683,6749.389552092267,346.4824587241662,572.8403995364249,38599.82339155554,,1.5,lead time 0
CA_1,2016-04-11,ML newsvendor,14891.0,14417.271924305118,473.72807569488265,7674.728075694882,374.07537805256175,338.2075109444786,36993.61729784905,,1.5,lead time 0
CA_1,2016-04-18,ML newsvendor,15342.0,14707.388383501893,634.6116164981075,7384.611616498109,362.2694124503323,481.21378037615375,37831.27401498014,,1.5,lead time 0
CA_1,2016-04-25,ML newsvendor,15560.0,14866.821908987557,693.1780910124446,7225.178091012445,356.5490068871719,464.8042988168605,38081.4965797818,,1.5,lead time 0
CA_1,2016-05-02,ML newsvendor,16586.0,15539.262332826267,1046.737667173732,6552.737667173729,321.9741435986083,835.3632564856352,39645.744340982885,,1.5,lead time 0
CA_1,2016-05-09,ML newsvendor,17114.0,15918.447403445769,1195.5525965542308,6173.552596554229,317.6252382960545,838.4348573773125,40711.712810699755,,1.5,lead time 0
CA_1,2016-05-16,ML newsvendor,16739.0,15568.078327221141,1170.921672778859,6523.921672778861,332.9128426872495,774.6791250169763,39827.60051550451,,1.5,lead time 0
CA_1,2016-05-23,ML newsvendor,15914.0,15082.233648752885,831.7663512471145,7009.766351247115,371.00647935502036,635.4946295800945,37773.70167313483,,1.5,lead time 0
CA_1,2016-05-30,ML newsvendor,17326.0,15352.44549939034,1973.5545006096586,6739.554500609656,394.9082641989237,1304.6508507821634,36304.16383269308,,1.5,lead time 0
CA_1,2016-06-06,ML newsvendor,16447.0,14822.140321638275,1624.8596783617236,7269.859678361723,425.09660046099685,1055.5513173789996,34564.10134005365,,1.5,lead time 0
CA_1,2016-06-13,ML newsvendor,15703.0,14330.227535647628,1372.7724643523734,7761.772464352374,433.68436070757525,971.288368060937,33677.72498246258,,1.5,lead time 0
CA_2,2016-03-28,ML newsvendor,13982.0,13199.809950561537,782.1900494384614,5737.690049438457,276.55937941233316,665.1080387827243,33138.44314941171,,1.5,lead time 0
CA_2,2016-04-04,ML newsvendor,14026.0,13440.34695256007,585.6530474399304,5497.1530474399315,255.5247403928974,457.94379314860555,34699.910642802875,,1.5,lead time 0
CA_2,2016-04-11,ML newsvendor,13354.0,12862.315995417357,491.68400458264296,6075.184004582643,293.99543028166295,336.1503212977724,32765.986039869138,,1.5,lead time 0
CA_2,2016-04-18,ML newsvendor,13787.0,13267.555490115688,519.4445098843121,5669.944509884312,273.3655826322028,416.09964465680775,33819.81971771054,,1.5,lead time 0
CA_2,2016-04-25,ML newsvendor,13713.0,12978.081042022983,734.9189579770175,5959.418957977017,285.89730496053664,640.4398455599942,33231.054744667475,,1.5,lead time 0
CA_2,2016-05-02,ML newsvendor,14097.0,13347.972161153193,749.0278388468068,5589.527838846807,277.7225322427622,658.2104017711646,33841.98241001846,,1.5,lead time 0
CA_2,2016-05-09,ML newsvendor,14330.0,13510.761815315862,819.2381846841391,5426.73818468414,262.42631314149816,592.6775104685967,34922.05253703772,,1.5,lead time 0
CA_2,2016-05-16,ML newsvendor,14992.0,13947.682084187934,1044.317915812067,4989.817915812066,245.569018715393,795.1428876023256,35807.05367345255,,1.5,lead time 0
CA_2,2016-05-23,ML newsvendor,14922.0,13706.0834874964,1215.9165125036016,5231.4165125036025,272.0596993164932,843.7402629139904,34276.54956346939,,1.5,lead time 0
CA_2,2016-05-30,ML newsvendor,16183.0,13876.014225147686,2306.985774852313,5061.485774852314,285.86398250728735,1446.6070886563093,33047.166357493785,,1.5,lead time 0
CA_2,2016-06-06,ML newsvendor,15360.0,13423.169698518202,1936.8303014817977,5514.330301481799,321.51420509335816,1189.3553583847915,30639.740719495687,,1.5,lead time 0
CA_2,2016-06-13,ML newsvendor,14503.0,13005.555600480518,1497.444399519482,5931.9443995194815,331.2894111736853,976.2701525345085,29885.131881828223,,1.5,lead time 0
CA_3,2016-03-28,ML newsvendor,20003.0,19527.95516827569,475.0448317243099,12117.91983172431,594.6741639265908,295.65356187037787,48003.72517233573,,1.5,lead time 0
CA_3,2016-04-04,ML newsvendor,21877.0,21444.867774983744,432.13222501625614,10201.007225016256,510.392427031285,365.52379034135754,52573.952992076825,,1.5,lead time 0
CA_3,2016-04-11,ML newsvendor,20212.0,20063.290282918046,148.70971708195214,11582.584717081952,546.8688341962002,122.71387560616384,50359.56222443943,,1.5,lead time 0
CA_3,2016-04-18,ML newsvendor,19207.0,18919.751710631946,287.2482893680541,12726.123289368052,606.995268642035,248.12262747940864,47755.56021082779,,1.5,lead time 0
CA_3,2016-04-25,ML newsvendor,18634.0,18410.376095409578,223.62390459042348,13235.498904590426,635.9898052761764,215.63989660346448,46357.591692276284,,1.5,lead time 0
CA_3,2016-05-02,ML newsvendor,19547.0,19260.392566859224,286.6074331407755,12385.482433140773,596.3637088000835,200.07123682332644,48788.96295306499,,1.5,lead time 0
CA_3,2016-05-09,ML newsvendor,19934.0,19660.425240397595,273.57475960240345,11863.943256150938,577.6228206403587,220.2908822186451,50111.2584595144,,1.5,lead time 0
CA_3,2016-05-16,ML newsvendor,19252.0,18771.203461362806,480.7965386371957,11953.398965577187,626.7774412450754,254.08941330160408,46603.84524339948,,1.5,lead time 0
CA_3,2016-05-23,ML newsvendor,19322.0,18846.77279099806,475.2272090019416,11739.495187507579,621.0466413628765,271.11875651332787,45558.28219042992,,1.5,lead time 0
CA_3,2016-05-30,ML newsvendor,21019.0,19918.53963527685,1100.4603647231493,11727.33536472315,621.8338577394884,702.8011686291159,46010.18655978776,,1.5,lead time 0
CA_3,2016-06-06,ML newsvendor,21211.0,19941.96220281114,1269.0377971888556,11703.91279718886,644.8047592075297,684.3308122790343,44479.73730948352,,1.5,lead time 0
CA_3,2016-06-13,ML newsvendor,18399.0,17859.18782348212,539.8121765178811,13786.687176517882,698.0911346140637,362.2892510924739,40861.74773365836,,1.5,lead time 0
CA_4,2016-03-28,ML newsvendor,7788.0,7385.789968914291,402.21003108570824,4438.7100310857095,220.94975103315238,306.3349365393501,18959.286397919233,,1.5,lead time 0
CA_4,2016-04-04,ML newsvendor,8100.0,7597.561154147952,502.4388458520475,4226.938845852046,195.52672455880293,441.01830238319315,20342.05898368208,,1.5,lead time 0
CA_4,2016-04-11,ML newsvendor,7719.0,7301.348568554357,417.65143144564274,4523.151431445642,217.73591087476058,330.06647134424446,19219.581272755313,,1.5,lead time 0
CA_4,2016-04-18,ML newsvendor,8561.0,7836.94435382966,724.0556461703403,3987.5556461703395,186.4882259447629,625.7159512170068,20792.360125885345,,1.5,lead time 0
CA_4,2016-04-25,ML newsvendor,8103.0,7706.268415522582,396.7315844774186,4118.231584477418,194.20475646869718,321.2920020876105,20555.873770047536,,1.5,lead time 0
CA_4,2016-05-02,ML newsvendor,8048.0,7555.295718079988,492.7042819200117,4269.204281920011,204.4631320705955,392.88162385377336,20137.64170222968,,1.5,lead time 0
CA_4,2016-05-09,ML newsvendor,8671.0,7935.68288901925,735.3171109807495,3888.817110980749,193.241324269259,499.70504822929865,20921.42791819761,,1.5,lead time 0
CA_4,2016-05-16,ML newsvendor,8531.0,7975.400894650973,555.5991053490277,3849.099105349028,195.8913806548599,377.6543296305557,20738.91650819128,,1.5,lead time 0
CA_4,2016-05-23,ML newsvendor,8402.0,7666.569651035142,735.4303489648586,4157.930348964859,207.8054806388617,507.4423977706633,20087.203883335867,,1.5,lead time 0
CA_4,2016-05-30,ML newsvendor,8988.0,7800.735852914057,1187.264147085942,4023.764147085942,219.0019010749428,787.724864791417,19312.54042681527,,1.5,lead time 0
CA_4,2016-06-06,ML newsvendor,8393.0,7573.4236205098205,819.5763794901794,4251.0763794901795,238.94275876506953,585.1263490543195,18187.283130298623,,1.5,lead time 0
CA_4,2016-06-13,ML newsvendor,8101.0,7376.694734469613,724.3052655303877,4447.805265530388,243.0009210927737,533.9251410346963,18091.386665986065,,1.5,lead time 0
CA_1,2016-03-28,ML + LP,15318.0,14611.763782240309,706.2362177596908,7480.236217759699,427.18567252061064,332.54388958154357,37771.804588373845,,1.5,lead time 0
CA_1,2016-04-04,ML + LP,16078.0,15374.042464935783,703.9575350642176,6717.957535064219,404.36858460849135,420.1321916432701,39108.85075119939,,1.5,lead time 0
CA_1,2016-04-11,ML + LP,14891.0,14386.091850815465,504.9081491845344,7705.908149184569,432.1274872581971,277.92653194625433,37194.5538945098,,1.5,lead time 0
CA_1,2016-04-18,ML + LP,15342.0,14688.385991984478,653.6140080155214,7403.614008015522,421.1385250705581,410.42063278409415,38067.25117362034,,1.5,lead time 0
CA_1,2016-04-25,ML + LP,15560.0,14795.509908459508,764.4900915404912,7296.490091540465,415.06963691776974,369.5209946945599,38399.1075935228,,1.5,lead time 0
CA_1,2016-05-02,ML + LP,16586.0,15476.13042071307,1109.8695792869291,6615.869579286919,369.27551587997243,640.5760873634197,40295.034904723594,,1.5,lead time 0
CA_1,2016-05-09,ML + LP,17114.0,15960.008007662365,1153.991992337635,6131.991992337631,370.24133863349505,611.570658510079,41467.92680692386,,1.5,lead time 0
CA_1,2016-05-16,ML + LP,16739.0,15534.462635334488,1204.5373646655114,6557.537364665528,384.39834757928503,622.7225033798165,40334.12258762838,,1.5,lead time 0
CA_1,2016-05-23,ML + LP,15914.0,15217.996857064,696.003142936,6874.003142936001,417.1763470665143,409.89351714912544,38525.70538123806,,1.5,lead time 0
CA_1,2016-05-30,ML + LP,17326.0,15484.039879103253,1841.9601208967465,6607.960120896747,422.5802956317853,808.6241297007928,37957.58623629765,,1.5,lead time 0
CA_1,2016-06-06,ML + LP,16447.0,14818.446860359198,1628.5531396408032,7273.553139640797,455.98103234978385,634.3203409889725,35968.204594687064,,1.5,lead time 0
CA_1,2016-06-13,ML + LP,15703.0,14350.424680573793,1352.5753194262068,7741.575319426213,472.59338702495415,662.7853439402834,34706.0683961981,,1.5,lead time 0
CA_2,2016-03-28,ML + LP,13982.0,13144.159404891574,837.8405951084267,5793.340595108422,324.37303290831346,588.7642876768698,33392.922319764555,,1.5,lead time 0
CA_2,2016-04-04,ML + LP,14026.0,13451.67692697778,574.3230730222219,5485.823073022209,300.20109979121753,344.3273498165058,35078.63212057654,,1.5,lead time 0
CA_2,2016-04-11,ML + LP,13354.0,12780.099559177055,573.9004408229446,6157.400440822943,345.8158304153034,276.98184601251006,32963.21429082001,,1.5,lead time 0
CA_2,2016-04-18,ML + LP,13787.0,13252.649627770928,534.3503722290714,5684.850372229081,322.28834319593244,337.4225739679207,34082.07662000683,,1.5,lead time 0
CA_2,2016-04-25,ML + LP,13713.0,12980.129585187087,732.8704148129129,5957.370414812901,325.2972248975207,489.76700105580096,33733.29755968145,,1.5,lead time 0
CA_2,2016-05-02,ML + LP,14097.0,13273.707651288913,823.2923487110875,5663.792348711073,319.5699228616978,509.17634862234985,34338.76258718118,,1.5,lead time 0
CA_2,2016-05-09,ML + LP,14330.0,13609.34178499505,720.6582150049499,5328.158215004934,303.6621361319804,437.00787128391516,35440.951334319994,,1.5,lead time 0
CA_2,2016-05-16,ML + LP,14992.0,14040.084210710897,951.9157892891037,4897.415789289109,280.1860949917858,596.6510718241393,36468.69305937984,,1.5,lead time 0
CA_2,2016-05-23,ML + LP,14922.0,13920.472997378969,1001.5270026210308,5017.027002621042,296.80977324692924,541.7745129834422,35283.10206323788,,1.5,lead time 0
CA_2,2016-05-30,ML + LP,16183.0,13985.987473657111,2197.012526342888,4951.512526342876,309.33976693292243,970.0803146293279,34635.58893758373,,1.5,lead time 0
CA_2,2016-06-06,ML + LP,15360.0,13229.251983807364,2130.7480161926346,5708.248016192613,356.0656044016782,833.9628170679313,31824.382523885222,,1.5,lead time 0
CA_2,2016-06-13,ML + LP,14503.0,12879.632583525688,1623.367416474312,6057.867416474313,368.42253880256305,696.4683932735459,30817.804412698104,,1.5,lead time 0
CA_3,2016-03-28,ML + LP,20003.0,19528.529172547307,474.4708274526945,12117.345827452675,654.6368190549352,255.41147611779238,48137.86545817769,,1.5,lead time 0
CA_3,2016-04-04,ML + LP,21877.0,21360.364192047633,516.6358079523674,10285.510807952398,558.1137292865869,288.62559847641535,52830.280298293306,,1.5,lead time 0
CA_3,2016-04-11,ML + LP,20212.0,20027.30774021523,184.6922597847684,11618.567259784762,588.4398527256103,96.30451471524148,50447.59342740918,,1.5,lead time 0
CA_3,2016-04-18,ML + LP,19207.0,18924.747977344538,282.2520226554627,12721.127022655459,642.6077498696818,227.87236299433005,47823.06109244471,,1.5,lead time 0
CA_3,2016-04-25,ML + LP,18634.0,18426.521831515773,207.478168484227,13219.353168484244,674.642433266548,189.84580270858217,46443.57200525922,,1.5,lead time 0
CA_3,2016-05-02,ML + LP,19547.0,19247.11229916182,299.88770083818014,12398.762700838237,637.0851238248064,174.4411543721546,48874.39656123556,,1.5,lead time 0
CA_3,2016-05-09,ML + LP,19934.0,19674.35854797359,259.6414520264114,11971.516452026432,604.9038412994178,196.40382027539823,50190.881999325225,,1.5,lead time 0
CA_3,2016-05-16,ML + LP,19252.0,18801.53466283608,450.4653371639241,12404.059579381821,655.9742259776996,236.0351785409296,46664.02602593506,,1.5,lead time 0
CA_3,2016-05-23,ML + LP,19322.0,18887.448684656298,434.551315343703,12212.069902111776,650.7188875064523,247.4654529833469,45637.12653552986,,1.5,lead time 0
CA_3,2016-05-30,ML + LP,21019.0,20007.10819408112,1011.8918059188786,11638.766805918905,668.479608017077,565.9083371266818,46466.49599812922,,1.5,lead time 0
CA_3,2016-06-06,ML + LP,21211.0,19596.809117561992,1614.1908824380102,12049.065882438019,708.8267526005625,599.2132772749201,44763.46242616391,,1.5,lead time 0
CA_3,2016-06-13,ML + LP,18399.0,17819.263745868615,579.7362541313872,13826.611254131396,756.6711751328085,317.4386905733246,41011.249602055526,,1.5,lead time 0
CA_4,2016-03-28,ML + LP,7788.0,7328.468110017417,459.53188998258327,4496.031889982578,256.94696977992743,243.7528929570342,19167.89320986029,,1.5,lead time 0
CA_4,2016-04-04,ML + LP,8100.0,7743.135188219856,356.8648117801433,4081.364811780142,224.14650332859964,258.4285007415792,20950.691655820796,,1.5,lead time 0
CA_4,2016-04-11,ML + LP,7719.0,7325.396602603417,393.6033973965831,4499.103397396577,254.17051347322206,217.60583262472085,19594.450068487058,,1.5,lead time 0
CA_4,2016-04-18,ML + LP,8561.0,7928.623259345866,632.3767406541331,3895.876740654122,215.80566894874315,430.9205036135515,21441.678284563524,,1.5,lead time 0
CA_4,2016-04-25,ML + LP,8103.0,7737.007995181573,365.99200481842604,4087.492004818419,231.63753429083647,211.63766111081895,20921.388239970176,,1.5,lead time 0
CA_4,2016-05-02,ML + LP,8048.0,7627.242141793282,420.75785820671837,4197.257858206703,236.2968337522673,244.67967785358894,20631.648188896957,,1.5,lead time 0
CA_4,2016-05-09,ML + LP,8671.0,8094.079162072673,576.9208379273263,3730.4208379273123,221.98101122587644,300.38405214666017,21585.831238473074,,1.5,lead time 0
CA_4,2016-05-16,ML + LP,8531.0,7970.910299792406,560.0897002075947,3853.5897002075963,230.37350389342953,286.20348034915236,21043.752672462622,,1.5,lead time 0
CA_4,2016-05-23,ML + LP,8402.0,7821.5269283900525,580.4730716099479,4002.973071609932,235.11082017344359,334.25992750019714,20664.478784237417,,1.5,lead time 0
CA_4,2016-05-30,ML + LP,8988.0,8015.877677541339,972.1223224586614,3808.62232245866,239.61205298779564,509.7164571029316,20239.235119110224,,1.5,lead time 0
CA_4,2016-06-06,ML + LP,8393.0,7584.02192076891,808.9780792310908,4240.4780792311,263.9304480509121,387.0324865720711,18847.59600523945,,1.5,lead time 0
CA_4,2016-06-13,ML + LP,8101.0,7392.533228258549,708.4667717414513,4431.966771741441,266.3318292678139,377.2523054450995,18613.629451284723,,1.5,lead time 0
CA_1,2016-03-28,Rule of thumb,15318.0,14487.400000000001,830.5999999999999,9077.400000000001,449.2963602020741,708.2622867996351,36519.40993098021,1.6,inf,lead time 0
CA_1,2016-04-04,Rule of thumb,16078.0,15412.0,666.0,8754.400000000001,442.1991365738937,497.2869456471715,38851.66823785305,1.6,inf,lead time 0
CA_1,2016-04-11,Rule of thumb,14891.0,14378.800000000001,512.1999999999999,10578.6,520.4175594323704,369.33059845805155,36889.87367280381,1.6,inf,lead time 0
CA_1,2016-04-18,Rule of thumb,15342.0,14544.400000000001,797.5999999999999,10709.2,527.4156796302796,661.6812006533144,37229.7159473896,1.6,inf,lead time 0
CA_1,2016-04-25,Rule of thumb,15560.0,14675.0,885.0,10574.2,519.6701822741373,593.7094302872249,37651.812808213916,1.6,inf,lead time 0
CA_1,2016-05-02,Rule of thumb,16586.0,15613.0,973.0,9879.2,490.9667709184715,830.5475162693432,39661.79680837052,1.6,inf,lead time 0
CA_1,2016-05-09,Rule of thumb,17114.0,16208.6,905.3999999999999,9487.000000000002,481.60590810227404,729.7446026587485,41074.01365976163,1.6,inf,lead time 0
CA_1,2016-05-16,Rule of thumb,16739.0,16109.0,629.9999999999999,10478.2,531.8821249002731,467.57340200901024,40851.286258864406,1.6,inf,lead time 0
CA_1,2016-05-23,Rule of thumb,15914.0,15587.6,326.4,11538.2,590.874513967991,250.15319892883295,39058.173108639035,1.6,inf,lead time 0
CA_1,2016-05-30,Rule of thumb,17326.0,16780.4,545.5999999999999,10554.600000000002,586.5174790668489,329.30520142436023,39555.315997219084,1.6,inf,lead time 0
CA_1,2016-06-06,Rule of thumb,16447.0,15711.8,735.1999999999998,11928.000000000002,649.2737818453654,372.953398861885,36839.427735110694,1.6,inf,lead time 0
CA_1,2016-06-13,Rule of thumb,15703.0,15060.400000000001,642.5999999999999,12947.400000000001,686.1408219777858,627.4230007946489,34823.94287335021,1.6,inf,lead time 0
CA_2,2016-03-28,Rule of thumb,13982.0,13121.4,860.5999999999999,7078.6,323.0109026464395,708.9186017724444,32992.40793944597,1.6,inf,lead time 0
CA_2,2016-04-04,Rule of thumb,14026.0,13408.0,617.9999999999998,7422.000000000001,331.31853658124385,509.25471356647347,34528.87424140998,1.6,inf,lead time 0
CA_2,2016-04-11,Rule of thumb,13354.0,12868.8,485.19999999999993,8576.2,405.5700163556849,319.47668686662394,32821.564821306296,1.6,inf,lead time 0
CA_2,2016-04-18,Rule of thumb,13787.0,13406.400000000001,380.5999999999999,9429.600000000002,449.3150678923812,315.590657901253,34154.84967356239,1.6,inf,lead time 0
CA_2,2016-04-25,Rule of thumb,13713.0,13150.2,562.8,9845.800000000003,470.763302587373,469.1064008438586,33802.16622705459,1.6,inf,lead time 0
CA_2,2016-05-02,Rule of thumb,14097.0,13548.2,548.8,9465.400000000001,464.79676549938756,518.9976009964942,34306.02507926737,1.6,inf,lead time 0
CA_2,2016-05-09,Rule of thumb,14330.0,13766.400000000001,563.5999999999999,9299.400000000001,444.09554802720896,470.5266024649143,35329.222230383326,1.6,inf,lead time 0
CA_2,2016-05-16,Rule of thumb,14992.0,14473.4,518.5999999999999,9009.000000000002,434.5596620854651,430.0098015761375,37024.163960206504,1.6,inf,lead time 0
CA_2,2016-05-23,Rule of thumb,14922.0,14448.6,473.3999999999999,9396.400000000001,476.8229423177584,313.2894018101691,36044.71910048212,1.6,inf,lead time 0
CA_2,2016-05-30,Rule of thumb,16183.0,15574.0,608.9999999999999,8803.2,477.79597058974,285.43500058293336,36917.73998440504,1.6,inf,lead time 0
CA_2,2016-06-06,Rule of thumb,15360.0,13958.0,1402.0,10677.400000000001,578.2357759799618,592.6530002832412,32628.748579834188,1.6,inf,lead time 0
CA_2,2016-06-13,Rule of thumb,14503.0,13721.2,781.8,12045.400000000001,627.5531532130242,483.77091496978477,31526.796007043973,1.6,inf,lead time 0
CA_3,2016-03-28,Rule of thumb,20003.0,19273.8,729.1999999999999,14481.800000000003,671.816262457984,505.83908775431763,47303.10675272261,1.6,inf,lead time 0
CA_3,2016-04-04,Rule of thumb,21877.0,21058.800000000003,818.1999999999999,12494.400000000001,592.9714217875004,601.066026485988,51788.81220492806,1.6,inf,lead time 0
CA_3,2016-04-11,Rule of thumb,20212.0,19832.800000000003,379.19999999999993,14493.600000000002,676.7981079274928,285.11460002660743,49818.22647637129,1.6,inf,lead time 0
CA_3,2016-04-18,Rule of thumb,19207.0,18769.4,437.5999999999999,16007.800000000003,747.1614216364794,364.1458290154593,47368.81620570762,1.6,inf,lead time 0
CA_3,2016-04-25,Rule of thumb,18634.0,18146.0,487.9999999999999,16072.4,756.5691245064736,464.39939935684197,45528.39334976503,1.6,inf,lead time 0
CA_3,2016-05-02,Rule of thumb,19547.0,18905.4,641.5999999999999,14973.000000000002,699.3947357840199,532.0865152246611,47682.24535839388,1.6,inf,lead time 0
CA_3,2016-05-09,Rule of thumb,19934.0,19350.8,583.1999999999998,13677.600000000002,637.0505525216377,528.6433744638307,49083.41681869711,1.6,inf,lead time 0
CA_3,2016-05-16,Rule of thumb,19252.0,18693.4,558.5999999999999,14266.2,701.487599159309,385.3674011063575,46166.25195071697,1.6,inf,lead time 0
CA_3,2016-05-23,Rule of thumb,19322.0,18766.199999999997,555.7999999999997,14090.000000000002,703.0924109837329,300.4428001785277,45460.53537821259,1.6,inf,lead time 0
CA_3,2016-05-30,Rule of thumb,21019.0,20320.4,698.5999999999999,12761.800000000003,678.0910220889365,547.9542877972124,46526.34282922745,1.6,inf,lead time 0
CA_3,2016-06-06,Rule of thumb,21211.0,18861.4,2349.6,14301.600000000002,753.0261988348961,1078.706402313709,43165.15200936794,1.6,inf,lead time 0
CA_3,2016-06-13,Rule of thumb,18399.0,17599.199999999997,799.7999999999998,16906.0,844.8478162068982,586.429199938774,40114.614570837366,1.6,inf,lead time 0
CA_4,2016-03-28,Rule of thumb,7788.0,7339.0,448.99999999999994,5273.8,268.7323824550425,336.57985973673203,18858.469987261295,1.6,inf,lead time 0
CA_4,2016-04-04,Rule of thumb,8100.0,7645.6,454.4,5072.000000000001,243.87648550142563,423.602744163445,20400.110844414572,1.6,inf,lead time 0
CA_4,2016-04-11,Rule of thumb,7719.0,7364.8,354.19999999999993,5726.4000000000015,285.5357085690839,271.6260005879402,19414.382841942992,1.6,inf,lead time 0
CA_4,2016-04-18,Rule of thumb,8561.0,8015.999999999999,544.9999999999999,5193.8,250.68524612620902,454.7921996462344,21362.105964454582,1.6,inf,lead time 0
CA_4,2016-04-25,Rule of thumb,8103.0,7756.6,346.4,5617.0,281.8610287441867,291.92974245326855,20653.747968828677,1.6,inf,lead time 0
CA_4,2016-05-02,Rule of thumb,8048.0,7670.0,377.99999999999994,5876.000000000001,301.7094227995873,308.818200212717,20417.85311436653,1.6,inf,lead time 0
CA_4,2016-05-09,Rule of thumb,8671.0,8289.6,381.4,5206.8,276.9273653006213,317.52420173406597,21528.697406515053,1.6,inf,lead time 0
CA_4,2016-05-16,Rule of thumb,8531.0,8130.4,400.5999999999999,5737.6,305.9048509242876,289.8905139439446,21031.46256047998,1.6,inf,lead time 0
CA_4,2016-05-23,Rule of thumb,8402.0,8191.400000000001,210.5999999999999,5678.6,297.1920456558977,162.72625678947986,21236.257686606477,1.6,inf,lead time 0
CA_4,2016-05-30,Rule of thumb,8988.0,8568.599999999999,419.39999999999986,5401.200000000001,302.1143197941781,297.1529984664916,20947.779981231688,1.6,inf,lead time 0
CA_4,2016-06-06,Rule of thumb,8393.0,7879.799999999999,513.2,6429.800000000001,349.93540512340417,295.98480134725565,19151.08828932217,1.6,inf,lead time 0
CA_4,2016-06-13,Rule of thumb,8101.0,7636.799999999999,464.1999999999999,6855.6,360.73726817611293,299.6321995139121,18872.363137722015,1.6,inf,lead time 0
CA_1,2016-03-28,ML point,15318.0,14957.409152923898,360.5908470761036,10183.1867465593,502.13572313944246,237.47051143788596,38088.715848852706,1.6,inf,lead time 0
CA_1,2016-04-04,ML point,16078.0,15700.657682420035,377.3423175799652,9311.541246314337,469.5889411509586,303.9261436543972,39496.20424449563,1.6,inf,lead time 0
CA_1,2016-04-11,ML point,14891.0,14486.434602459147,404.5653975408537,10086.363023130407,485.05851857852633,276.8329703182176,37198.199099936595,1.6,inf,lead time 0
CA_1,2016-04-18,ML point,15342.0,14677.894036370393,664.1059636296061,9573.458493173355,470.00050605236584,534.7405334841692,37652.851504620085,1.6,inf,lead time 0
CA_1,2016-04-25,ML point,15560.0,15089.984846851032,470.0151531489684,10648.685685273309,525.9964184631533,240.61274391448933,38828.8017627897,1.6,inf,lead time 0
CA_1,2016-05-02,ML point,16586.0,15984.004424565786,601.9955754342136,10797.550643508657,541.677339522985,585.4245440605428,40478.873382399855,1.6,inf,lead time 0
CA_1,2016-05-09,ML point,17114.0,16482.293394575143,631.706605424858,9610.609936011135,488.52322129495553,396.36791019727764,42185.26930129987,1.6,inf,lead time 0
CA_1,2016-05-16,ML point,16739.0,16038.584662084615,700.4153379153859,9698.262818451149,489.19867620899606,432.37093256483035,40968.62782367834,1.6,inf,lead time 0
CA_1,2016-05-23,ML point,15914.0,15707.143372068593,206.85662793140648,11123.006638882776,574.3999859999919,169.46135466135888,39327.14592286394,1.6,inf,lead time 0
CA_1,2016-05-30,ML point,17326.0,16847.178499178634,478.82150082136553,10650.301004898205,595.6490111167213,312.80923826524713,39610.3025410828,1.6,inf,lead time 0
CA_1,2016-06-06,ML point,16447.0,16073.305715195176,373.6942848048241,12880.027097032396,668.197536326695,339.3265603503552,36951.517196815796,1.6,inf,lead time 0
CA_1,2016-06-13,ML point,15703.0,15413.202271263035,289.79772873696396,12722.33402534001,644.6096458654472,264.3146684782269,36034.303981071615,1.6,inf,lead time 0
CA_2,2016-03-28,ML point,13982.0,13399.787223336494,582.2127766635059,8035.190782450329,375.6216355280218,495.2314161620341,33704.69855814734,1.6,inf,lead time 0
CA_2,2016-04-04,ML point,14026.0,13584.512251151249,441.48774884875047,7825.27682584817,359.80591953382793,356.78876218568007,35037.09407934596,1.6,inf,lead time 0
CA_2,2016-04-11,ML point,13354.0,12876.344414267372,477.65558573262507,8092.9376599565785,387.3409749128515,298.4694597626208,32891.58891165297,1.6,inf,lead time 0
CA_2,2016-04-18,ML point,13787.0,13387.633885627783,399.3661143722171,7549.297648272891,359.4974760268649,345.5358530940246,34055.03235625315,1.6,inf,lead time 0
CA_2,2016-04-25,ML point,13713.0,13202.957635327435,510.04236467256464,9720.813218860862,458.3656977373986,403.3701540700147,34021.28704963408,1.6,inf,lead time 0
CA_2,2016-05-02,ML point,14097.0,13655.136752950124,441.8632470498761,9295.619285522927,456.1128996818612,439.570379502656,34570.782484246825,1.6,inf,lead time 0
CA_2,2016-05-09,ML point,14330.0,13918.76925495814,411.2307450418601,8803.327682126004,420.1782695149988,329.01271665732475,35800.93518307529,1.6,inf,lead time 0
CA_2,2016-05-16,ML point,14992.0,14410.587624119398,581.4123758806018,8288.883544000977,401.8078972561323,478.4304526058364,36862.76179010751,1.6,inf,lead time 0
CA_2,2016-05-23,ML point,14922.0,14664.422926396575,257.5770736034243,9519.162183825229,482.34531736485656,184.93441862530184,36472.56904443168,1.6,inf,lead time 0
CA_2,2016-05-30,ML point,16183.0,15593.677465328648,589.322534671351,9523.396142431899,508.36324942983106,290.0511185532219,36902.35292450408,1.6,inf,lead time 0
CA_2,2016-06-06,ML point,15360.0,14601.77600646269,758.2239935373111,12641.872742503801,631.997848867699,397.98569436882906,33277.6395995489,1.6,inf,lead time 0
CA_2,2016-06-13,ML point,14503.0,14044.759131212206,458.2408687877949,12135.504436533301,605.4579738534258,347.15500241461723,31982.182382227867,1.6,inf,lead time 0
CA_3,2016-03-28,ML point,20003.0,19526.574668778412,476.4253312215875,15754.565842583004,772.7616287615666,307.7957431466903,47963.25123474802,1.6,inf,lead time 0
CA_3,2016-04-04,ML point,21877.0,21514.57535520503,362.4246447949718,12656.644016315146,622.6810942339762,283.20376741462354,52848.35306849927,1.6,inf,lead time 0
CA_3,2016-04-11,ML point,20212.0,19970.891420291508,241.10857970849386,13080.514613572228,621.4015272376491,159.36300088798498,50237.39847350003,1.6,inf,lead time 0
CA_3,2016-04-18,ML point,19207.0,18845.590231339822,361.40976866017854,13903.343247354078,674.8072788323641,303.73473141439786,47570.18653104449,1.6,inf,lead time 0
CA_3,2016-04-25,ML point,18634.0,18398.005514983357,235.99448501664472,15028.586066646265,724.7544633806306,218.75032638016427,46347.22359302062,1.6,inf,lead time 0
CA_3,2016-05-02,ML point,19547.0,19096.45537295624,450.54462704376283,15003.542877494312,728.3148178288609,382.8566160861717,48179.67835552218,1.6,inf,lead time 0
CA_3,2016-05-09,ML point,19934.0,19661.327428862634,272.6725711373682,12798.4612008613,629.1162144631003,185.57792451107466,50226.96831853963,1.6,inf,lead time 0
CA_3,2016-05-16,ML point,19252.0,18798.2941999761,453.7058000239005,12953.291036713828,682.9235893091483,260.8075299305575,46581.45152130297,1.6,inf,lead time 0
CA_3,2016-05-23,ML point,19322.0,19011.957680065618,310.04231993438236,13100.07362635866,687.8951713507931,177.51046379234077,45870.30983283321,1.6,inf,lead time 0
CA_3,2016-05-30,ML point,21019.0,20464.980750754774,554.0192492452229,13103.554392790571,704.6241795215869,437.88294107753325,46893.24731829305,1.6,inf,lead time 0
CA_3,2016-06-06,ML point,21211.0,20271.186306270705,939.8136937292942,15403.425354518387,798.6612542537412,489.86852404965305,45127.94493691479,1.6,inf,lead time 0
CA_3,2016-06-13,ML point,18399.0,17918.21590819618,480.7840918038177,17559.77021611922,850.5874090490088,485.26879985404054,40451.815904453135,1.6,inf,lead time 0
CA_4,2016-03-28,ML point,7788.0,7453.9549071620895,334.0450928379108,5712.928209950318,286.90592785002787,257.98184185901175,19120.46338018703,1.6,inf,lead time 0
CA_4,2016-04-04,ML point,8100.0,7765.678483064443,334.3215169355562,5304.015561779955,253.4106120561445,313.45209637611134,20767.279670372354,1.6,inf,lead time 0
CA_4,2016-04-11,ML point,7719.0,7465.798460211799,253.20153978820144,5823.490339946786,288.5644101731581,180.89932591416476,19716.805090855578,1.6,inf,lead time 0
CA_4,2016-04-18,ML point,8561.0,8108.230815938068,452.7691840619311,5089.066399304972,246.98474775326017,383.10140839473775,21601.07526862624,1.6,inf,lead time 0
CA_4,2016-04-25,ML point,8103.0,7936.685803028027,166.31419697197265,5892.151507823126,293.3385114270477,138.2827036759463,21165.90476475309,1.6,inf,lead time 0
CA_4,2016-05-02,ML point,8048.0,7770.258452836622,277.7415471633785,5880.93429629538,296.20266448641195,253.21381956733433,20603.201049851137,1.6,inf,lead time 0
CA_4,2016-05-09,ML point,8671.0,8392.63553686302,278.36446313698036,5055.912265782385,266.5752360268649,186.15097029726155,21966.608177971066,1.6,inf,lead time 0
CA_4,2016-05-16,ML point,8531.0,8189.449465356555,341.55053464344473,5427.398915040052,285.50861270967357,232.03538795203718,21224.312980453004,1.6,inf,lead time 0
CA_4,2016-05-23,ML point,8402.0,8192.076413427138,209.9235865728616,5878.637382953046,307.3043877325054,155.35106345974944,21260.841664372245,1.6,inf,lead time 0
CA_4,2016-05-30,ML point,8988.0,8608.576847150645,379.4231528493532,5536.215033285656,306.81075939536385,256.4696639158504,21083.391096400494,1.6,inf,lead time 0
CA_4,2016-06-06,ML point,8393.0,8147.743301516102,245.25669848389848,6610.057526368129,349.99924236845345,198.06431891847961,19477.48989741809,1.6,inf,lead time 0
CA_4,2016-06-13,ML point,8101.0,7808.852781761189,292.14721823881075,6958.219465137423,355.0598358962486,227.58502241453144,19112.52039471995,1.6,inf,lead time 0
CA_1,2016-03-28,ML newsvendor,15318.0,15004.117459809226,313.88254019077544,10052.74934928083,500.80238736396575,198.10647519484337,38219.929302996185,,inf,lead time 0
CA_1,2016-04-04,ML newsvendor,16078.0,15772.72341705471,305.2765829452889,9392.44929055792,480.64805004902735,238.0267674480098,39715.86883185025,,inf,lead time 0
CA_1,2016-04-11,ML newsvendor,14891.0,14607.799215259733,283.2007847402663,10100.287770695875,493.6617244057529,185.26210829969858,37503.435306664986,,inf,lead time 0
CA_1,2016-04-18,ML newsvendor,15342.0,14916.43356845474,425.56643154526046,9496.567005570212,469.8507566367771,327.05477833639804,38345.13735511266,,inf,lead time 0
CA_1,2016-04-25,ML newsvendor,15560.0,15146.967718405223,413.0322815947759,10401.288797022375,517.4525583029276,230.402954510413,38862.83439413662,,inf,lead time 0
CA_1,2016-05-02,ML newsvendor,16586.0,16187.121589728686,398.878410271314,10298.091846794616,514.3703963348047,376.8750143003442,41174.03848160052,,inf,lead time 0
CA_1,2016-05-09,ML newsvendor,17114.0,16651.552866167935,462.4471338320624,9517.53185113224,492.0585394785818,288.67950017845106,42544.2306680293,,inf,lead time 0
CA_1,2016-05-16,ML newsvendor,16739.0,16165.56850406546,573.43149593454,9437.953185485238,482.22521612627213,343.8507534951302,41263.695087244,,inf,lead time 0
CA_1,2016-05-23,ML newsvendor,15914.0,15729.029036948974,184.9709630510276,10336.833427141511,540.6638813021855,154.8143342396744,39375.969324269565,,inf,lead time 0
CA_1,2016-05-30,ML newsvendor,17326.0,16832.080858418616,493.91914158138354,9941.318405008587,560.5442467609471,281.0471206621813,39716.17626642635,,inf,lead time 0
CA_1,2016-06-06,ML newsvendor,16447.0,16223.640001163096,223.3599988369052,12206.482604743269,665.6919024221668,156.08400805887612,37562.32570445405,,inf,lead time 0
CA_1,2016-06-13,ML newsvendor,15703.0,15380.21792934178,322.7820706582209,12262.099662543162,649.2211535878104,296.8801619568573,35925.752336142854,,inf,lead time 0
CA_2,2016-03-28,ML newsvendor,13982.0,13477.720663216875,504.2793367831253,7672.484127052954,371.70545544372453,445.9973166037124,33868.81222334175,,inf,lead time 0
CA_2,2016-04-04,ML newsvendor,14026.0,13763.668147883653,262.3318521163478,7482.25496935271,354.93814063256906,212.70526695906042,35517.37239676803,,inf,lead time 0
CA_2,2016-04-11,ML newsvendor,13354.0,13062.731178643835,291.26882135616665,7899.3156560124635,385.77377161973646,184.60647161142074,33271.13220549031,,inf,lead time 0
CA_2,2016-04-18,ML newsvendor,13787.0,13505.969472508843,281.03052749115795,7492.7859508483,363.7464491530066,231.86358071608188,34433.939930846296,,inf,lead time 0
CA_2,2016-04-25,ML newsvendor,13713.0,13349.755406075634,363.2445939243669,8590.999227577471,415.1164065706314,319.40524524528587,34301.170079049836,,inf,lead time 0
CA_2,2016-05-02,ML newsvendor,14097.0,13814.117435109962,282.882564890038,8510.903048628645,425.9265335682973,306.0391992488827,35015.886418426075,,inf,lead time 0
CA_2,2016-05-09,ML newsvendor,14330.0,14025.84918271143,304.15081728856813,8202.240239487388,403.82675860951304,225.45976509606214,36146.1116882795,,inf,lead time 0
CA_2,2016-05-16,ML newsvendor,14992.0,14589.439107686896,402.56089231310284,7640.278439043359,381.2657121363908,338.5644357227444,37328.981846384486,,inf,lead time 0
CA_2,2016-05-23,ML newsvendor,14922.0,14680.683624793332,241.3163752066681,8318.398713521696,433.05079175001055,187.20690862456655,36464.994077767464,,inf,lead time 0
CA_2,2016-05-30,ML newsvendor,16183.0,15558.602953887246,624.3970461127533,8795.637379379301,478.14250914611125,335.99029410955166,36749.222339316315,,inf,lead time 0
CA_2,2016-06-06,ML newsvendor,15360.0,14864.05442485929,495.945575140708,11146.616482460486,590.998416552176,230.9810891199622,33834.32161704512,,inf,lead time 0
CA_2,2016-06-13,ML newsvendor,14503.0,14177.397774932968,325.6022250670322,11165.926585075576,579.1076122830226,219.7618484772577,32406.826228685728,,inf,lead time 0
CA_3,2016-03-28,ML newsvendor,20003.0,19584.26494444813,418.73505555187137,13343.876670211328,655.0248032731116,255.95477580631984,48136.05445921593,,inf,lead time 0
CA_3,2016-04-04,ML newsvendor,21877.0,21521.88582067514,355.1141793248603,10882.39304217899,543.3545288946259,301.29657879350236,52788.043697236346,,inf,lead time 0
CA_3,2016-04-11,ML newsvendor,20212.0,20087.307592642035,124.69240735796505,12061.90169320665,569.4835781662745,101.16614846084366,50431.38798159051,,inf,lead time 0
CA_3,2016-04-18,ML newsvendor,19207.0,18927.50277582268,279.49722417731846,12970.693909411546,618.6929326496456,241.26275252420965,47778.42646067845,,inf,lead time 0
CA_3,2016-04-25,ML newsvendor,18634.0,18423.9233031243,210.07669687570177,13645.373786124297,656.0020192209138,202.57594599552925,46401.13819430274,,inf,lead time 0
CA_3,2016-05-02,ML newsvendor,19547.0,19279.43051344299,267.56948655700893,12873.39592613644,620.4096757269427,182.54617657988916,48847.379820543116,,inf,lead time 0
CA_3,2016-05-09,ML newsvendor,19934.0,19660.503946872916,273.4960531270829,11894.133383511904,578.6139157782605,220.23545675986375,50111.44321104367,,inf,lead time 0
CA_3,2016-05-16,ML newsvendor,19252.0,18771.209002995092,480.7909970049086,11979.95845250854,627.5938381710812,254.08612157199389,46603.85621583152,,inf,lead time 0
CA_3,2016-05-23,ML newsvendor,19322.0,18846.954107099366,475.04589290063325,11764.503247384984,621.8008811917388,271.02410950792614,45558.59768044793,,inf,lead time 0
CA_3,2016-05-30,ML newsvendor,21019.0,20210.67184697676,808.3281530232408,12617.123507615142,665.1593512876284,533.9855538626273,46572.905275676065,,inf,lead time 0
CA_3,2016-06-06,ML newsvendor,21211.0,20406.57145757512,804.4285424248824,14394.871387934782,768.4761429063576,366.8545018447112,45537.991677597936,,inf,lead time 0
CA_3,2016-06-13,ML newsvendor,18399.0,18065.128630436306,333.8713695636926,16361.883115361878,813.6114240670822,237.12376479098268,41278.96602133,,inf,lead time 0
CA_4,2016-03-28,ML newsvendor,7788.0,7623.245285723536,164.75471427646454,6915.8235713184695,346.264834578876,119.45065911958113,19582.23398931847,,inf,lead time 0
CA_4,2016-04-04,ML newsvendor,8100.0,7946.5768962078855,153.423103792114,6568.796392137052,314.23215734613757,143.8410433927593,21332.649846983528,,inf,lead time 0
CA_4,2016-04-11,ML newsvendor,7719.0,7592.6552798303,126.34472016969944,7063.516512575474,351.59206746589336,91.0810166228717,20016.199455159887,,inf,lead time 0
CA_4,2016-04-18,ML newsvendor,8561.0,8319.723274643227,241.27672535677328,6348.119788090081,307.5852340193686,207.91340439499555,22185.035281958713,,inf,lead time 0
CA_4,2016-04-25,ML newsvendor,8103.0,8035.3202449695655,67.67975503043392,6951.754239143615,343.4211910401885,51.415013913659095,21455.463730627376,,inf,lead time 0
CA_4,2016-05-02,ML newsvendor,8048.0,7937.648206497388,110.35179350261237,6910.915796595349,344.20156101598803,77.66218976554154,21188.37314919045,,inf,lead time 0
CA_4,2016-05-09,ML newsvendor,8671.0,8485.592187485936,185.407812514063,6290.811004878764,325.1149518787529,115.98682410624906,22200.488665274446,,inf,lead time 0
CA_4,2016-05-16,ML newsvendor,8531.0,8392.176089702672,138.82391029732756,6538.0322181016945,338.65291266035723,90.10072532970693,21697.42852252744,,inf,lead time 0
CA_4,2016-05-23,ML newsvendor,8402.0,8201.627712319638,200.37228768036204,6702.951285553978,341.7421293426306,127.61731146321563,21353.28750436069,,inf,lead time 0
CA_4,2016-05-30,ML newsvendor,8988.0,8655.225268488812,332.77473151118767,6478.302950675948,352.2742406422334,220.51860530551937,21203.22795843493,,inf,lead time 0
CA_4,2016-06-06,ML newsvendor,8393.0,8257.661556628502,135.33844337149776,7391.576519342914,397.96849033628905,102.09326899117247,19797.393397175783,,inf,lead time 0
CA_4,2016-06-13,ML newsvendor,8101.0,7936.8850839648185,164.11491603518124,7513.675374434073,395.3776111168674,125.99881861040285,19451.141074067047,,inf,lead time 0
CA_1,2016-03-28,ML + LP,15318.0,15036.701983075596,281.29801692440435,10576.900863108895,527.4568306947992,177.82008915712186,38287.55058978859,,inf,lead time 0
CA_1,2016-04-04,ML + LP,16078.0,15811.20651208136,266.7934879186389,9924.207892143097,508.0051955269737,210.6496381938216,39807.125929364214,,inf,lead time 0
CA_1,2016-04-11,ML + LP,14891.0,14635.747042394805,255.25295760519447,10646.521780452316,521.6342256911782,167.96251709111166,37561.10061069361,,inf,lead time 0
CA_1,2016-04-18,ML + LP,15342.0,14952.7415464952,389.2584535048022,10018.101045636588,496.01995993516806,298.9051797192702,38438.96935050309,,inf,lead time 0
CA_1,2016-04-25,ML + LP,15560.0,15167.275225443322,392.72477455667996,10934.91907405624,544.6133267859343,217.42468128838476,38906.09530487671,,inf,lead time 0
CA_1,2016-05-02,ML + LP,16586.0,16220.470689504538,365.5293104954625,10825.993744987074,540.266504953002,345.7504437432397,41277.7870501242,,inf,lead time 0
CA_1,2016-05-09,ML + LP,17114.0,16701.661850554414,412.33814944558725,10054.843374174085,519.8436213989944,255.01059399789372,42656.460355297815,,inf,lead time 0
CA_1,2016-05-16,ML + LP,16739.0,16208.447418164027,530.5525818359733,9939.958722514571,507.61520626182653,315.9345700934652,41356.74903191622,,inf,lead time 0
CA_1,2016-05-23,ML + LP,15914.0,15755.35868493335,158.64131506664927,10889.475018043031,568.4806703481029,134.6330350425448,39443.24032159333,,inf,lead time 0
CA_1,2016-05-30,ML + LP,17326.0,16902.80198785718,423.1980121428227,10465.448916680736,587.7126856147994,242.1412796446467,39845.86240315146,,inf,lead time 0
CA_1,2016-06-06,ML + LP,16447.0,16257.394208288653,189.6057917113448,12802.50836031674,697.008954775847,137.581018428262,37624.00233655611,,inf,lead time 0
CA_1,2016-06-13,ML + LP,15703.0,15418.50550726119,284.4944927388091,12840.030471657665,678.1518299245035,270.2547648063145,36014.50365997799,,inf,lead time 0
CA_2,2016-03-28,ML + LP,13982.0,13518.530182669878,463.4698173301209,8120.417279607478,394.2434554964864,410.66753086505145,33986.57817580395,,inf,lead time 0
CA_2,2016-04-04,ML + LP,14026.0,13797.5158874644,228.48411253560056,7942.802890253588,378.50679657292056,185.45337867271994,35608.21202438916,,inf,lead time 0
CA_2,2016-04-11,ML + LP,13354.0,13092.620502904982,261.3794970950173,8384.41247501356,410.2788916198954,164.4253809472172,33338.40250770432,,inf,lead time 0
CA_2,2016-04-18,ML + LP,13787.0,13542.306521446815,244.69347855318503,7970.113136470205,387.71740974267504,202.48103131790367,34531.88176217356,,inf,lead time 0
CA_2,2016-04-25,ML + LP,13713.0,13383.518209845795,329.481790154205,9014.84739172578,436.32064332643426,295.0513465543071,34382.3497413531,,inf,lead time 0
CA_2,2016-05-02,ML + LP,14097.0,13842.493577398647,254.5064226013517,8952.043030257018,448.1334750529901,278.7245423353606,35106.93527480448,,inf,lead time 0
CA_2,2016-05-09,ML + LP,14330.0,14053.500706547788,276.4992934522109,8665.92520779987,427.26936185770506,203.74395434204257,36218.49772412624,,inf,lead time 0
CA_2,2016-05-16,ML + LP,14992.0,14626.03971028831,365.9602897116891,8081.405907064657,403.3262151382928,308.6927420351899,37428.55415867633,,inf,lead time 0
CA_2,2016-05-23,ML + LP,14922.0,14710.504872229543,211.49512777045595,8797.754316872357,456.9650743076496,165.1979463972135,36538.35728519198,,inf,lead time 0
CA_2,2016-05-30,ML + LP,16183.0,15616.458549048393,566.5414509516057,9306.400589387478,504.1049620014973,302.29936041952686,36861.5254516164,,inf,lead time 0
CA_2,2016-06-06,ML + LP,15360.0,14902.185418849042,457.8145811509587,11701.559190268039,618.9311679583707,207.38230548849083,33912.984229150024,,inf,lead time 0
CA_2,2016-06-13,ML + LP,14503.0,14207.33583120564,295.66416879435815,11662.286848937563,604.6596687425251,201.215816235893,32468.646336156948,,inf,lead time 0
CA_3,2016-03-28,ML + LP,20003.0,19611.60470406179,391.3952959382114,13947.740084179477,685.180165743705,239.27608855801842,48191.65008337694,,inf,lead time 0
CA_3,2016-04-04,ML + LP,21877.0,21564.22174591888,312.77825408112096,11482.539416482432,573.4266764687629,266.73125800072165,52903.261433212276,,inf,lead time 0
CA_3,2016-04-11,ML + LP,20212.0,20103.458450442835,108.54154955716469,12720.183891102428,602.5950953753637,88.72552618701258,50472.856722503275,,inf,lead time 0
CA_3,2016-04-18,ML + LP,19207.0,18945.89152862074,261.10847137925646,13626.68610214075,651.4486164594592,224.49039036489717,47834.33433454283,,inf,lead time 0
CA_3,2016-04-25,ML + LP,18634.0,18439.057676620905,194.94232337909182,14284.072780993269,687.5987237409292,188.54679854898865,46447.902019124536,,inf,lead time 0
CA_3,2016-05-02,ML + LP,19547.0,19301.91054671126,245.0894532887388,13495.234041236617,651.1908932626254,164.17466443212922,48908.61819436898,,inf,lead time 0
CA_3,2016-05-09,ML + LP,19934.0,19694.53058329743,239.4694167025708,12544.539815777855,610.8516505074859,194.89091762611017,50195.92500815618,,inf,lead time 0
CA_3,2016-05-16,ML + LP,19252.0,18801.53466283608,450.4653371639241,12599.812988924168,658.9408231657158,236.0351785409296,46664.02602593506,,inf,lead time 0
CA_3,2016-05-23,ML + LP,19322.0,18887.448684656298,434.551315343703,12384.736005507686,653.3502595788741,247.4654529833469,45637.12653552986,,inf,lead time 0
CA_3,2016-05-30,ML + LP,21019.0,20305.855145773898,713.1448542261016,13256.251590169973,695.9439055962506,479.1981410681211,46755.52998499108,,inf,lead time 0
CA_3,2016-06-06,ML + LP,21211.0,20464.91357379286,746.0864262071393,15102.103129108602,803.7835834286251,334.71055979361904,45645.13815110158,,inf,lead time 0
CA_3,2016-06-13,ML + LP,18399.0,18093.917368731625,305.08263126837437,17049.95581956056,848.1573668247171,214.4250357797731,41354.62845136737,,inf,lead time 0
CA_4,2016-03-28,ML + LP,7788.0,7636.607433243219,151.39256675678106,7273.469567924106,364.20329245929565,108.95508838708786,19617.219225093446,,inf,lead time 0
CA_4,2016-04-04,ML + LP,8100.0,7960.075636644529,139.92436335547058,6932.841373608495,332.3969224326063,132.38247408730297,21370.845078001716,,inf,lead time 0
CA_4,2016-04-11,ML + LP,7719.0,7606.207214118895,112.79278588110601,7435.333999187033,370.3035744706811,80.44491299792422,20051.653133909713,,inf,lead time 0
CA_4,2016-04-18,ML + LP,8561.0,8345.121520111552,215.87847988844868,6713.515892297057,325.6215341612344,186.21657010288413,22257.358062932417,,inf,lead time 0
CA_4,2016-04-25,ML + LP,8103.0,8046.323174285712,56.676825714287645,7331.061185055489,362.272349597897,41.468566663823296,21488.6185547935,,inf,lead time 0
CA_4,2016-05-02,ML + LP,8048.0,7949.25715649629,98.74284350370996,7282.096640688516,362.8165067797313,69.1645699299938,21216.698548642275,,inf,lead time 0
CA_4,2016-05-09,ML + LP,8671.0,8504.238164498827,166.76183550117238,6653.84593155003,343.4984855064636,103.63001238729086,22241.678037670972,,inf,lead time 0
CA_4,2016-05-16,ML + LP,8531.0,8406.80107196671,124.19892803328831,6902.623423002718,356.9107270233457,80.51098312358282,21729.394329881186,,inf,lead time 0
CA_4,2016-05-23,ML + LP,8402.0,8218.444312352734,183.55568764726524,7056.860733592918,359.4685786995864,115.5379342214204,21393.552095166677,,inf,lead time 0
CA_4,2016-05-30,ML + LP,8988.0,8686.401384308276,301.5986156917248,6834.760119561089,370.3382161979887,199.55773408216194,21273.097529179457,,inf,lead time 0
CA_4,2016-06-06,ML + LP,8393.0,8273.657304909466,119.34269509053402,7750.910563387501,416.1111751972354,89.01979741888408,19840.971635750077,,inf,lead time 0
CA_4,2016-06-13,ML + LP,8101.0,7956.088202884252,144.9117971157488,7853.5022629380055,412.7991257977405,109.32144833260884,19506.73230832636,,inf,lead time 0
CA_1,2016-04-04,Rule of thumb,16078.0,12428.65,3649.35,2204.7500000000005,96.81025256114773,2678.602241983882,31580.617250064017,0.9,1.0,lead time 1 week
CA_1,2016-04-11,Rule of thumb,14891.0,11834.875,3056.125,2627.825,116.60858433896729,2365.6363811443316,30235.52106384954,0.9,1.0,lead time 1 week
CA_1,2016-04-18,Rule of thumb,15342.0,11990.348159499092,3351.651840500909,2737.65184050091,119.41427262433099,2596.4782641012275,30780.392402563222,0.9,1.0,lead time 1 week
CA_1,2016-05-02,Rule of thumb,16586.0,12634.275000000001,3951.725,2726.8250000000007,132.51901275743757,3022.572878416542,32355.04560121319,0.9,1.0,lead time 1 week
CA_1,2016-05-09,Rule of thumb,17114.0,12840.625,4273.375,2490.9500000000003,129.71636204698683,3327.173421333815,32415.917597511412,0.9,1.0,lead time 1 week
CA_1,2016-05-16,Rule of thumb,16739.0,12637.475,4101.525,2437.6000000000004,134.97955706929736,3069.644854941219,32177.714749090374,0.9,1.0,lead time 1 week
CA_1,2016-05-30,Rule of thumb,17326.0,12885.477689055897,4440.522310944105,3614.272310944106,237.73968933663488,2930.234995502978,30885.55001695703,0.9,1.0,lead time 1 week
CA_1,2016-06-06,Rule of thumb,16447.0,11648.127273581693,4798.872726418308,4851.622726418307,316.2205058416366,3062.912639002656,27872.896934641456,0.9,1.0,lead time 1 week
CA_1,2016-06-13,Rule of thumb,15703.0,11324.510416502675,4378.489583497325,5175.239583497323,324.1374351765201,2861.815951348246,27375.966371504885,0.9,1.0,lead time 1 week
CA_2,2016-04-04,Rule of thumb,14026.0,10348.675000000001,3677.3249999999994,2129.325,76.2793658793654,3033.883863547082,26113.44374147462,0.9,1.0,lead time 1 week
CA_2,2016-04-11,Rule of thumb,13354.0,10208.010582138933,3145.9894178610657,2416.989417861065,84.12002360583685,2450.6908068728308,25717.517754618937,0.9,1.0,lead time 1 week
CA_2,2016-04-18,Rule of thumb,13787.0,10251.82118491473,3535.17881508527,2373.17881508527,86.40471715314936,2761.5231746766635,26001.74128431102,0.9,1.0,lead time 1 week
CA_2,2016-05-02,Rule of thumb,14097.0,11187.958139313498,2909.041860686504,2599.2918606865037,136.64605376343886,2314.0930493521214,28322.37358474861,0.9,1.0,lead time 1 week
CA_2,2016-05-09,Rule of thumb,14330.0,11173.517704310141,3156.482295689858,2374.267848918385,120.50482550337722,2427.098247399812,28807.316747267,0.9,1.0,lead time 1 week
CA_2,2016-05-16,Rule of thumb,14992.0,11625.250314148943,3366.7496858510576,1837.862122159967,95.69306124354732,2723.183084059577,29380.253018595045,0.9,1.0,lead time 1 week
CA_2,2016-05-30,Rule of thumb,16183.0,11335.525,4847.475,2906.25,177.76810061755776,2917.2367547781764,28145.067470420898,0.9,1.0,lead time 1 week
CA_2,2016-06-06,Rule of thumb,15360.0,10252.792419072432,5107.207580927568,4030.207580927569,253.31278023496307,2986.946763701202,24647.769368440986,0.9,1.0,lead time 1 week
CA_2,2016-06-13,Rule of thumb,14503.0,9882.046347932624,4620.9536520673755,4400.953652067377,269.98741069624833,2792.7470919884727,23830.20875031501,0.9,1.0,lead time 1 week
CA_3,2016-04-04,Rule of thumb,21877.0,17222.099938380594,4654.900061619406,3875.150061619405,169.8623961565629,3614.3511993129396,41744.52829550489,0.9,1.0,lead time 1 week
CA_3,2016-04-11,Rule of thumb,20212.0,15804.803136664734,4407.196863335269,4657.811370261527,195.71232506420944,3366.914643691278,39545.55966415572,0.9,1.0,lead time 1 week
CA_3,2016-04-18,Rule of thumb,19207.0,15899.739852446832,3307.2601475531683,5197.51014755317,214.14372021688123,2679.9552516037747,39649.45146374657,0.9,1.0,lead time 1 week
CA_3,2016-05-02,Rule of thumb,19547.0,16247.631686300309,3299.3683136996906,4083.118313699692,193.25873960105042,2688.156790677448,40495.344440217916,0.9,1.0,lead time 1 week
CA_3,2016-05-09,Rule of thumb,19934.0,16056.489036926823,3877.5109630731768,3958.121648242195,187.59686224301714,3186.9010875909407,40222.55777494008,0.9,1.0,lead time 1 week
CA_3,2016-05-16,Rule of thumb,19252.0,15466.84543364116,3785.1545663588404,3982.7969811738376,209.38863030046014,2766.603516687338,38228.79823211371,0.9,1.0,lead time 1 week
CA_3,2016-05-30,Rule of thumb,21019.0,14837.528673077666,6181.471326922332,4504.22132692233,289.97166476347263,3939.5740559802434,35220.943601950676,0.9,1.0,lead time 1 week
CA_3,2016-06-06,Rule of thumb,21211.0,13561.481521255939,7649.518478744061,5780.268478744061,378.85133912064373,4622.127461224703,31353.74847966463,0.9,1.0,lead time 1 week
CA_3,2016-06-13,Rule of thumb,18399.0,13110.839879916186,5288.160120083814,6230.910120083812,387.3503286570003,3379.5964011317565,30804.05723352742,0.9,1.0,lead time 1 week
CA_4,2016-04-04,Rule of thumb,8100.0,6151.183531016111,1948.816468983889,1731.8164689838895,76.06448965306987,1639.2272181674762,16348.029264401137,0.9,1.0,lead time 1 week
CA_4,2016-04-11,Rule of thumb,7719.0,5865.268891919321,1853.7311080806799,1944.8992515539771,83.20333803073771,1510.5594893961634,15284.60454591558,0.9,1.0,lead time 1 week
CA_4,2016-04-18,Rule of thumb,8561.0,6134.918868144347,2426.0811318556525,1748.0811318556523,72.2905459773512,2003.3483410493645,16200.252159777483,0.9,1.0,lead time 1 week
CA_4,2016-05-02,Rule of thumb,8048.0,6315.142140481223,1732.857859518777,1726.8578595187755,87.83203963932743,1409.0029395739955,16750.570649828936,0.9,1.0,lead time 1 week
CA_4,2016-05-09,Rule of thumb,8671.0,6466.3144558247795,2204.6855441752205,1575.6855441752205,85.60613329583256,1652.2511120517354,17079.607705456154,0.9,1.0,lead time 1 week
CA_4,2016-05-16,Rule of thumb,8531.0,6421.077097596092,2109.9229024039078,1544.2358408202106,89.21192658715083,1537.1231116773567,16874.020568035274,0.9,1.0,lead time 1 week
CA_4,2016-05-30,Rule of thumb,8988.0,6374.925239858483,2613.074760141517,1963.3247601415162,120.42961165633366,1745.6506356702848,16119.45452388571,0.9,1.0,lead time 1 week
CA_4,2016-06-06,Rule of thumb,8393.0,5727.894827350938,2665.1051726490623,2610.3551726490614,165.65249556799597,1792.5670375060588,14162.480835459495,0.9,1.0,lead time 1 week
CA_4,2016-06-13,Rule of thumb,8101.0,5643.94830379924,2457.05169620076,2694.30169620076,167.79699019373965,1742.9606037509047,14061.26845693204,0.9,1.0,lead time 1 week
CA_1,2016-04-04,ML point,16078.0,12324.151544463719,3753.848455536281,2403.848455536282,113.1767588993334,2809.946600416931,31142.802721953853,1.0,1.0,lead time 1 week
CA_1,2016-04-11,ML point,14891.0,12068.876973278622,2822.1230267213778,2659.1230267213787,127.16223667468402,2241.591704645787,30649.003318844694,1.0,1.0,lead time 1 week
CA_1,2016-04-18,ML point,15342.0,12282.315911397802,3059.6840886021987,2445.684088602198,109.18549333626166,2491.732952825807,31129.543440147958,1.0,1.0,lead time 1 week
CA_1,2016-05-02,ML point,16586.0,12921.681507254214,3664.318492745785,2491.3184927457855,127.35591562735603,2849.6984716201778,32931.293623867736,1.0,1.0,lead time 1 week
CA_1,2016-05-09,ML point,17114.0,13086.095120312682,4027.9048796873185,2326.9048796873194,128.12710245532818,3129.898001274929,33073.50233104103,1.0,1.0,lead time 1 week
CA_1,2016-05-16,ML point,16739.0,12940.40199442609,3798.5980055739096,2472.5980055739083,137.6759831971586,2757.877719466422,33216.93853400636,1.0,1.0,lead time 1 week
CA_1,2016-05-30,ML point,17326.0,12626.423047718905,4699.576952281095,3873.326952281096,256.7021044213767,3209.5002326498034,29954.665893134275,1.0,1.0,lead time 1 week
CA_1,2016-06-06,ML point,16447.0,11300.395309176949,5146.604690823051,5199.354690823052,332.88541558674854,3505.0988009841712,26398.943061369733,1.0,1.0,lead time 1 week
CA_1,2016-06-13,ML point,15703.0,11230.216902805956,4472.783097194044,5269.533097194045,315.1169829310969,3094.8036854445354,26599.340591183925,1.0,1.0,lead time 1 week
CA_2,2016-04-04,ML point,14026.0,10683.767135045222,3342.232864954778,1941.232864954778,80.10592747062061,2805.394621933983,26875.074546851618,1.0,1.0,lead time 1 week
CA_2,2016-04-11,ML point,13354.0,10461.984772755368,2892.01522724463,2163.015227244629,91.21881517766755,2199.0169576534163,26556.430585350325,1.0,1.0,lead time 1 week
CA_2,2016-04-18,ML point,13787.0,10619.090027899676,3167.909972100324,2005.9099721003233,86.03751162960097,2494.746744946075,26890.99605007965,1.0,1.0,lead time 1 week
CA_2,2016-05-02,ML point,14097.0,11285.701266427386,2811.2987335726125,2501.548733572613,130.35261778080567,2301.5460810356726,28364.1968124701,1.0,1.0,lead time 1 week
CA_2,2016-05-09,ML point,14330.0,11546.516876721267,2783.483123278731,2240.733123278731,115.41688315783045,2197.315878085552,29573.257978314534,1.0,1.0,lead time 1 week
CA_2,2016-05-16,ML point,14992.0,11900.295606045293,3091.7043939547075,1886.9543939547088,98.2666604790059,2540.341378327702,29989.725371034627,1.0,1.0,lead time 1 week
CA_2,2016-05-30,ML point,16183.0,11306.944396942647,4876.055603057355,2976.0556030573543,182.79770264853863,3106.631440436344,27513.751851560337,1.0,1.0,lead time 1 week
CA_2,2016-06-06,ML point,15360.0,10329.95462630871,5030.045373691288,3953.0453736912905,246.93761523088884,3255.4518178872686,23752.7525211541,1.0,1.0,lead time 1 week
CA_2,2016-06-13,ML point,14503.0,10175.928888720287,4327.071111279713,4107.071111279713,248.92823729403545,2915.4858243697586,23421.079642377394,1.0,1.0,lead time 1 week
CA_3,2016-04-04,ML point,21877.0,17566.308305845443,4310.691694154556,3530.941694154557,185.38078108886472,3202.1848953820154,43118.415975274635,1.0,1.0,lead time 1 week
CA_3,2016-04-11,ML point,20212.0,16945.285549296917,3266.714450703083,3896.0423455027053,186.20193769071614,2513.679409410012,42389.67711175994,1.0,1.0,lead time 1 week
CA_3,2016-04-18,ML point,19207.0,16626.36844345933,2580.6315565406667,4470.881556540668,208.45445126617435,2153.546808526333,41404.146274004706,1.0,1.0,lead time 1 week
CA_3,2016-05-02,ML point,19547.0,16541.199472713888,3005.800527286112,3789.55052728611,187.66335943691286,2473.516689254469,41210.81144496118,1.0,1.0,lead time 1 week
CA_3,2016-05-09,ML point,19934.0,16448.419119832397,3485.5808801676035,3882.3308801676017,201.74580965245048,2789.607413381096,41546.870022306226,1.0,1.0,lead time 1 week
CA_3,2016-05-16,ML point,19252.0,16094.020485622019,3157.979514377981,4236.729514377978,241.0796770044533,2201.4915819617145,40112.50468119911,1.0,1.0,lead time 1 week
CA_3,2016-05-30,ML point,21019.0,14694.166008470575,6324.8339915294255,4647.583991529424,292.043464330695,4070.8179480809117,34783.46396161512,1.0,1.0,lead time 1 week
CA_3,2016-06-06,ML point,21211.0,13488.365721595335,7722.6342784046665,5853.384278404667,371.8471404418112,4977.982065448186,30167.566465586347,1.0,1.0,lead time 1 week
CA_3,2016-06-13,ML point,18399.0,13067.460116566117,5331.539883433881,6274.2898834338785,377.4544822720427,3610.9807868698344,30032.775947733826,1.0,1.0,lead time 1 week
CA_4,2016-04-04,ML point,8100.0,6118.147870872347,1981.8521291276536,1764.8521291276534,76.97995928042016,1689.133696352242,16181.674337118584,1.0,1.0,lead time 1 week
CA_4,2016-04-11,ML point,7719.0,5974.139098380481,1744.860901619519,1908.8609016195178,80.51364821726335,1426.808622576094,15563.774101982479,1.0,1.0,lead time 1 week
CA_4,2016-04-18,ML point,8561.0,6209.009933085747,2351.990066914252,1673.9900669142512,68.71848533460292,1920.4070858679565,16476.723010382175,1.0,1.0,lead time 1 week
CA_4,2016-05-02,ML point,8048.0,6296.167354628566,1751.8326453714342,1745.8326453714349,86.12222438264754,1435.226070513824,16663.16021336284,1.0,1.0,lead time 1 week
CA_4,2016-05-09,ML point,8671.0,6499.21043928783,2171.7895607121704,1542.78956071217,79.55691759729193,1650.552405494285,17085.270060647654,1.0,1.0,lead time 1 week
CA_4,2016-05-16,ML point,8531.0,6498.675620958335,2032.324379041665,1543.3243790416655,86.89442539586099,1475.4784457712724,17079.502787722224,1.0,1.0,lead time 1 week
CA_4,2016-05-30,ML point,8988.0,6256.21368846,2731.7863115399996,2082.0363115400005,125.18031071364459,1874.428379519097,15690.195377723005,1.0,1.0,lead time 1 week
CA_4,2016-06-06,ML point,8393.0,5795.692645849505,2597.3073541504946,2542.5573541504946,160.14608763771878,1896.3075071164028,13816.679270091681,1.0,1.0,lead time 1 week
CA_4,2016-06-13,ML point,8101.0,5614.132745226497,2486.867254773503,2724.117254773504,166.18282843506896,1845.4938539246746,13719.490956352805,1.0,1.0,lead time 1 week
CA_1,2016-04-04,ML newsvendor,16078.0,11653.758291860293,4424.241708139705,3074.2417081397043,149.52830862957376,3249.865062262529,29676.40784913519,,1.0,lead time 1 week
CA_1,2016-04-11,ML newsvendor,14891.0,11204.93745761895,3686.0625423810516,3523.062542381054,168.0991752176309,2823.4904677299355,28709.340775230863,,1.0,lead time 1 week
CA_1,2016-04-18,ML newsvendor,15342.0,11501.32723461419,3840.672765385811,3226.672765385811,145.37432386681928,2941.6612860232694,29629.782329489753,,1.0,lead time 1 week
CA_1,2016-05-02,ML newsvendor,16586.0,12403.546908495373,4182.453091504626,3009.4530915046244,146.52657082718437,3185.9491762996295,31810.4579416029,,1.0,lead time 1 week
CA_1,2016-05-09,ML newsvendor,17114.0,12392.888546180657,4721.111453819342,3020.1114538193438,152.7230126009414,3609.892972490214,31473.51909365675,,1.0,lead time 1 week
CA_1,2016-05-16,ML newsvendor,16739.0,12266.906827109124,4472.093172890877,3146.093172890879,161.94422201275043,3201.3864236342924,31738.576186780134,,1.0,lead time 1 week
CA_1,2016-05-30,ML newsvendor,17326.0,12085.823476337788,5240.176523662212,4413.926523662212,280.52475901628094,3513.4370950035745,28941.543018621705,,1.0,lead time 1 week
CA_1,2016-06-06,ML newsvendor,16447.0,10808.128965898659,5638.871034101342,5691.621034101341,362.41355011636097,3709.123817280859,25718.859673714112,,1.0,lead time 1 week
CA_1,2016-06-13,ML newsvendor,15703.0,10402.778060046177,5300.221939953822,6096.971939953821,363.6769716040962,3403.321824056623,25570.946795810298,,1.0,lead time 1 week
CA_2,2016-04-04,ML newsvendor,14026.0,10110.535067714536,3915.464932285464,2514.464932285465,104.80358003960232,3086.609533852291,25937.691507123924,,1.0,lead time 1 week
CA_2,2016-04-11,ML newsvendor,13354.0,9841.97599938653,3512.02400061347,2783.0240006134695,115.34025649648284,2616.30794249344,25165.460635883577,,1.0,lead time 1 week
CA_2,2016-04-18,ML newsvendor,13787.0,9910.977694777077,3876.022305222921,2714.0223052229194,111.90638977465471,2918.131159613035,25479.714667856453,,1.0,lead time 1 week
CA_2,2016-05-02,ML newsvendor,14097.0,10923.431266292215,3173.568733707785,2863.8187337077866,143.03739396814802,2457.1969043156296,27845.36073487025,,1.0,lead time 1 week
CA_2,2016-05-09,ML newsvendor,14330.0,10989.728343206374,3340.2716567936263,2797.521656793626,138.02949710272003,2551.476834431497,28392.721457161384,,1.0,lead time 1 week
CA_2,2016-05-16,ML newsvendor,14992.0,11325.4321978112,3666.5678021887998,2461.8178021887993,124.51545112346764,2825.046873751611,29040.70705295493,,1.0,lead time 1 week
CA_2,2016-05-30,ML newsvendor,16183.0,10995.23949946072,5187.760500539281,3287.7605005392797,196.6669519362043,3412.2768610412895,26494.933782877186,,1.0,lead time 1 week
CA_2,2016-06-06,ML newsvendor,15360.0,9953.997124247999,5406.002875752002,4329.002875752002,271.75545868968675,3394.544937506365,23289.108789090442,,1.0,lead time 1 week
CA_2,2016-06-13,ML newsvendor,14503.0,9507.293074614914,4995.706925385085,4775.706925385084,289.64035335796433,3200.3940273163144,22471.385632555543,,1.0,lead time 1 week
CA_3,2016-04-04,ML newsvendor,21877.0,16615.997811817506,5261.002188182495,4481.252188182492,219.56028233884155,3880.390251599224,40857.73145455061,,1.0,lead time 1 week
CA_3,2016-04-11,ML newsvendor,20212.0,16056.825428399827,4155.174571600172,5040.4245716001715,241.15898299492562,3157.827599813124,40242.5164770829,,1.0,lead time 1 week
CA_3,2016-04-18,ML newsvendor,19207.0,15629.473482812304,3577.5265171876963,5467.7765171876945,248.49585783571837,2809.694746862415,39216.986479551095,,1.0,lead time 1 week
CA_3,2016-05-02,ML newsvendor,19547.0,15857.241187657732,3689.758812342267,4473.5088123422665,212.96025314493892,2912.8890899878934,39746.23677584977,,1.0,lead time 1 week
CA_3,2016-05-09,ML newsvendor,19934.0,15676.43447554863,4257.565524451369,4654.31552445137,224.25817230640072,3333.503829572247,39733.88196833573,,1.0,lead time 1 week
CA_3,2016-05-16,ML newsvendor,19252.0,15276.24522211343,3975.7547778865696,5054.504777886572,263.65981564887795,2720.081583120991,38383.87134400153,,1.0,lead time 1 week
CA_3,2016-05-30,ML newsvendor,21019.0,14104.861548938437,6914.138451061563,5236.888451061562,312.65430389431026,4477.677071004109,33427.26688520446,,1.0,lead time 1 week
CA_3,2016-06-06,ML newsvendor,21211.0,12914.925197108963,8296.074802891037,6426.824802891038,404.4689845310571,5318.9713223000945,29030.935609413325,,1.0,lead time 1 week
CA_3,2016-06-13,ML newsvendor,18399.0,12175.798102289573,6223.201897710429,7165.951897710429,425.34438903110095,3972.362955296833,28828.16871964383,,1.0,lead time 1 week
CA_4,2016-04-04,ML newsvendor,8100.0,5797.293054097295,2302.7069459027052,2085.7069459027043,91.56222602362237,1937.4142023644933,15354.072650411079,,1.0,lead time 1 week
CA_4,2016-04-11,ML newsvendor,7719.0,5606.038095908843,2112.9619040911566,2276.9619040911566,97.20297306514729,1699.59885367283,14654.473331660025,,1.0,lead time 1 week
CA_4,2016-04-18,ML newsvendor,8561.0,5742.758641334631,2818.241358665369,2140.2413586653693,88.70709101368105,2304.465885165717,15196.527012722974,,1.0,lead time 1 week
CA_4,2016-05-02,ML newsvendor,8048.0,5955.882983350168,2092.1170166498323,2086.1170166498323,93.3088704574026,1665.3716347661093,15896.008332521891,,1.0,lead time 1 week
CA_4,2016-05-09,ML newsvendor,8671.0,5973.921534472559,2697.0784655274415,2068.078465527442,95.14902894800439,2073.6924301060058,15674.80331194192,,1.0,lead time 1 week
CA_4,2016-05-16,ML newsvendor,8531.0,5962.7396885171565,2568.2603114828435,2079.2603114828444,99.31990714860882,1869.6659762156592,15765.5443529076,,1.0,lead time 1 week
CA_4,2016-05-30,ML newsvendor,8988.0,5956.239268660647,3031.760731339353,2382.010731339352,132.20131965203814,2128.1999908886846,14844.290006491043,,1.0,lead time 1 week
CA_4,2016-06-06,ML newsvendor,8393.0,5507.557407935765,2885.442592064236,2830.692592064235,172.91786576385712,2063.892368178561,13258.063066551153,,1.0,lead time 1 week
CA_4,2016-06-13,ML newsvendor,8101.0,5269.169520119976,2831.8304798800236,3069.0804798800236,183.86734068483975,2030.5879879629433,13102.510509558579,,1.0,lead time 1 week
CA_1,2016-04-04,ML + LP,16078.0,11833.605004191413,4244.394995808588,2894.394995808588,190.41798274060892,2194.274339938325,33195.04359021587,,1.0,lead time 1 week
CA_1,2016-04-11,ML + LP,14891.0,11768.465294308797,3122.5347056912046,2959.534705691204,197.608759077186,1820.722454808701,32051.90081830165,,1.0,lead time 1 week
CA_1,2016-04-18,ML + LP,15342.0,11833.290854069393,3508.7091459306075,2894.709145930608,188.34286617378828,1931.865560000841,32995.76808289785,,1.0,lead time 1 week
CA_1,2016-05-02,ML + LP,16586.0,12204.163900575226,4381.836099424774,3208.836099424776,208.962384110688,2460.0191155365014,34230.22481081332,,1.0,lead time 1 week
CA_1,2016-05-09,ML + LP,17114.0,12386.403480999426,4727.596519000575,3026.5965190005754,210.0236464453168,2796.012930424964,34186.45256720758,,1.0,lead time 1 week
CA_1,2016-05-16,ML + LP,16739.0,12264.282219667875,4474.717780332124,3148.7177803321247,224.89884425250293,2343.9694030957507,34596.632921908604,,1.0,lead time 1 week
CA_1,2016-05-30,ML + LP,17326.0,11927.640699877968,5398.359300122034,4572.109300122035,341.241246474086,2826.2963296945586,31232.012236318424,,1.0,lead time 1 week
CA_1,2016-06-06,ML + LP,16447.0,10505.703693777752,5941.296306222248,5994.046306222248,417.41707619574186,2858.4255407465544,28554.520595495127,,1.0,lead time 1 week
CA_1,2016-06-13,ML + LP,15703.0,10489.922369348824,5213.077630651174,6009.827630651177,399.43421757145245,2550.7318874620496,28412.913251125545,,1.0,lead time 1 week
CA_2,2016-04-04,ML + LP,14026.0,10566.349587854967,3459.6504121450325,2058.650412145033,120.79214317303449,2282.52345630959,28617.97843226626,,1.0,lead time 1 week
CA_2,2016-04-11,ML + LP,13354.0,10357.88767651151,2996.1123234884917,2267.112323488492,138.7776672932556,1755.0210922795015,28036.416803263368,,1.0,lead time 1 week
CA_2,2016-04-18,ML + LP,13787.0,10464.278808352177,3322.7211916478227,2160.7211916478223,136.29748517328449,1952.0205627806681,28700.08332396434,,1.0,lead time 1 week
CA_2,2016-05-02,ML + LP,14097.0,10880.379592899299,3216.6204071007014,2906.870407100702,187.3641901526713,2004.1533253980365,29355.505997928893,,1.0,lead time 1 week
CA_2,2016-05-09,ML + LP,14330.0,11168.682972574563,3161.317027425437,2618.5670274254385,178.11255710239266,1910.2007479749082,30530.308412016682,,1.0,lead time 1 week
CA_2,2016-05-16,ML + LP,14992.0,11536.473482366739,3455.5265176332614,2250.77651763326,157.70867132509954,2061.445653026387,31586.044455372343,,1.0,lead time 1 week
CA_2,2016-05-30,ML + LP,16183.0,10631.431055224159,5551.568944775843,3651.56894477584,253.78710028875662,2724.808637775119,28786.494527097755,,1.0,lead time 1 week
CA_2,2016-06-06,ML + LP,15360.0,9426.527773968237,5933.472226031763,4856.472226031764,323.7870082720625,2696.8796217713466,25614.659841540502,,1.0,lead time 1 week
CA_2,2016-06-13,ML + LP,14503.0,9213.993070201783,5289.006929798217,5069.006929798217,335.33752711247257,2485.665204180538,24853.81504300813,,1.0,lead time 1 week
CA_3,2016-04-04,ML + LP,21877.0,16818.524196295304,5058.475803704696,4278.725803704699,292.6832981278425,2695.8393470529445,44806.23446970487,,1.0,lead time 1 week
CA_3,2016-04-11,ML + LP,20212.0,16755.149222315933,3456.850777684066,4342.100777684065,265.7246253753155,1913.3205080367104,44390.873449670944,,1.0,lead time 1 week
CA_3,2016-04-18,ML + LP,19207.0,16251.49150165059,2955.5084983494107,4845.758498349411,283.6519038985622,1677.8301505669103,42989.86846720278,,1.0,lead time 1 week
CA_3,2016-05-02,ML + LP,19547.0,15706.00723500508,3840.9927649949223,4624.74276499492,292.06787191407363,2054.5781272079294,42607.27331844965,,1.0,lead time 1 week
CA_3,2016-05-09,ML + LP,19934.0,15979.00684868432,3954.993151315679,4351.74315131568,282.3806199463547,2435.7882083692143,42726.267372345836,,1.0,lead time 1 week
CA_3,2016-05-16,ML + LP,19252.0,15534.452715109386,3717.5472848906143,4796.297284890615,333.18263457912485,1926.9080617578902,41027.78308187853,,1.0,lead time 1 week
CA_3,2016-05-30,ML + LP,21019.0,13794.356124398426,7224.643875601576,5547.393875601574,398.5038374652278,3609.3730761530205,36321.613534708085,,1.0,lead time 1 week
CA_3,2016-06-06,ML + LP,21211.0,12243.088048465674,8967.911951534326,7098.6619515343245,492.91452366219744,4321.986032140015,32354.219909946925,,1.0,lead time 1 week
CA_3,2016-06-13,ML + LP,18399.0,11979.446192765201,6419.553807234799,7362.303807234797,491.4168595996474,3030.1339024363297,31968.93222917884,,1.0,lead time 1 week
CA_4,2016-04-04,ML + LP,8100.0,6000.596795519599,2099.4032044804003,1882.4032044804003,120.06808162091015,1327.8160743294961,17386.06641052774,,1.0,lead time 1 week
CA_4,2016-04-11,ML + LP,7719.0,5849.126203073185,1869.873796926815,2033.873796926815,131.0330592621236,1084.9815118882607,16703.197804275253,,1.0,lead time 1 week
CA_4,2016-04-18,ML + LP,8561.0,6202.293011755544,2358.706988244456,1680.7069882444566,109.44527292020386,1418.5807300245006,18149.477529860364,,1.0,lead time 1 week
CA_4,2016-05-02,ML + LP,8048.0,5968.547122734926,2079.452877265073,2073.4528772650724,132.48131467429457,1203.0453667503236,17437.09589257451,,1.0,lead time 1 week
CA_4,2016-05-09,ML + LP,8671.0,6187.98198330095,2483.01801669905,1854.0180166990501,125.62746552158151,1389.2907838617666,17956.14213275605,,1.0,lead time 1 week
CA_4,2016-05-16,ML + LP,8531.0,6103.002183592771,2427.997816407228,1938.9978164072286,139.76713526672822,1257.5298057826503,17805.99825435096,,1.0,lead time 1 week
CA_4,2016-05-30,ML + LP,8988.0,5819.954455841607,3168.045544158393,2518.2955441583927,175.56121344678468,1695.333780779874,16287.177373520415,,1.0,lead time 1 week
CA_4,2016-06-06,ML + LP,8393.0,5303.404349692325,3089.5956503076745,3034.845650307674,209.999085704772,1606.7614544654848,14781.832778928076,,1.0,lead time 1 week
CA_4,2016-06-13,ML + LP,8101.0,5166.951633539421,2934.048366460579,3171.2983664605786,214.8932292209974,1517.9666097844367,14811.248436820268,,1.0,lead time 1 week
CA_1,2016-04-04,Rule of thumb,16078.0,13202.280324891362,2875.719675108638,3734.9196751086356,173.6254006757964,2083.906731658293,33562.93561781598,1.1,1.15,lead time 1 week
CA_1,2016-04-11,Rule of thumb,14891.0,12757.999956509597,2133.0000434904023,4179.200043490399,196.20716651516378,1686.061021893301,32500.77226135298,1.1,1.15,lead time 1 week
CA_1,2016-04-18,Rule of thumb,15342.0,12720.85825489741,2621.14174510259,4216.341745102588,195.89490043821655,2077.902613021415,32508.977906162603,1.1,1.15,lead time 1 week
CA_1,2016-05-02,Rule of thumb,16586.0,13467.808589340166,3118.191410659834,4257.14141065983,208.1859937678912,2395.1291647919948,34446.52464662835,1.1,1.15,lead time 1 week
CA_1,2016-05-09,Rule of thumb,17114.0,13818.277902247934,3295.7220977520656,3906.67209775206,201.69561747636175,2580.7088644679143,34904.132787064416,1.1,1.15,lead time 1 week
CA_1,2016-05-16,Rule of thumb,16739.0,13704.244825935351,3034.7551740646495,4020.7051740646466,215.7944760167726,2261.9837620616518,34869.918392022264,1.1,1.15,lead time 1 week
CA_1,2016-05-30,Rule of thumb,17326.0,13925.888889036196,3400.111110963803,5048.823610963802,319.95203172045,2237.800965330944,33193.6634508638,1.1,1.15,lead time 1 week
CA_1,2016-06-06,Rule of thumb,16447.0,12827.831382518834,3619.1686174811653,6146.8811174811635,393.2198910958946,2242.635780248265,30607.153130489423,1.1,1.15,lead time 1 week
CA_1,2016-06-13,Rule of thumb,15703.0,12487.752057765967,3215.2479422340316,6486.960442234029,400.1364695785173,2072.2017737348833,30008.013630216097,1.1,1.15,lead time 1 week
CA_2,2016-04-04,Rule of thumb,14026.0,11200.541336633663,2825.458663366338,3318.2086633663357,127.84098748032342,2390.577785163998,28257.797336084896,1.1,1.15,lead time 1 week
CA_2,2016-04-11,Rule of thumb,13354.0,11081.843794946197,2272.156205053803,3436.9062050538023,130.16618395893664,1772.548260118101,27977.99291046804,1.1,1.15,lead time 1 week
CA_2,2016-04-18,Rule of thumb,13787.0,11262.621682341643,2524.378317658356,3256.1283176583534,127.73735224449865,2005.7849965405132,28520.86854476486,1.1,1.15,lead time 1 week
CA_2,2016-05-02,Rule of thumb,14097.0,11757.385579294274,2339.614420705725,4097.951920705724,213.54476276276017,1901.175696027088,29698.764762498722,1.1,1.15,lead time 1 week
CA_2,2016-05-09,Rule of thumb,14330.0,12039.332387520546,2290.667612479455,3816.005112479454,195.18203313875193,1760.0671651868515,31030.75368797687,1.1,1.15,lead time 1 week
CA_2,2016-05-16,Rule of thumb,14992.0,12613.712882362943,2378.2871176370563,3241.6246176370573,167.14568840444298,1986.114832249828,31837.147191294207,1.1,1.15,lead time 1 week
CA_2,2016-05-30,Rule of thumb,16183.0,12242.381749282362,3940.618250717638,4183.068250717635,252.64328341632773,2264.3623157077886,30321.315600655522,1.1,1.15,lead time 1 week
CA_2,2016-06-06,Rule of thumb,15360.0,11335.099294460448,4024.9007055395514,5090.350705539548,313.1316784434264,2213.9948625406764,27224.275705642736,1.1,1.15,lead time 1 week
CA_2,2016-06-13,Rule of thumb,14503.0,10892.247387391137,3610.752612608864,5533.20261260886,335.04548289082106,2132.12554283593,26032.28058082349,1.1,1.15,lead time 1 week
CA_3,2016-04-04,Rule of thumb,21877.0,18370.134183068883,3506.865816931118,5891.703316931114,263.50879423027743,2844.4873658660117,44310.74107366131,1.1,1.15,lead time 1 week
CA_3,2016-04-11,Rule of thumb,20212.0,17307.61854902239,2904.3814509776075,6954.218950977609,306.3511252919285,2243.549470321133,43290.1102420562,1.1,1.15,lead time 1 week
CA_3,2016-04-18,Rule of thumb,19207.0,16985.56688970142,2221.433110298585,7276.270610298583,309.6646503956999,1838.8064813682663,42453.28069786493,1.1,1.15,lead time 1 week
CA_3,2016-05-02,Rule of thumb,19547.0,16995.038006775452,2551.9619932245496,6385.324493224549,305.1573918409483,2089.2124010061784,42491.82573912215,1.1,1.15,lead time 1 week
CA_3,2016-05-09,Rule of thumb,19934.0,17315.956572353432,2618.0434276465635,6064.405927646566,292.1003100333996,2283.10891486361,43235.19835069784,1.1,1.15,lead time 1 week
CA_3,2016-05-16,Rule of thumb,19252.0,16694.69657140482,2557.303428595177,6589.369381718861,345.0840176586984,1875.0678688110713,41200.583725034594,1.1,1.15,lead time 1 week
CA_3,2016-05-30,Rule of thumb,21019.0,15992.196891924206,5026.803108075794,6250.815608075794,388.56708296587976,3145.4615744140374,37867.98520717137,1.1,1.15,lead time 1 week
CA_3,2016-06-06,Rule of thumb,21211.0,15021.03234643143,6189.96765356857,7221.980153568569,461.9499678822217,3643.4839754885397,34615.89343211851,1.1,1.15,lead time 1 week
CA_3,2016-06-13,Rule of thumb,18399.0,14285.666506281914,4113.333493718086,7957.345993718081,481.9433483587416,2578.655841508814,33473.85909893723,1.1,1.15,lead time 1 week
CA_4,2016-04-04,Rule of thumb,8100.0,6532.462728339465,1567.537271660536,2532.9872716605346,116.061076881256,1340.7134488939446,17343.075161979577,1.1,1.15,lead time 1 week
CA_4,2016-04-11,Rule of thumb,7719.0,6300.685118648955,1418.3148813510454,2764.764881351044,123.27176645793872,1156.6445034328967,16464.32116579314,1.1,1.15,lead time 1 week
CA_4,2016-04-18,Rule of thumb,8561.0,6641.609334200039,1919.3906657999614,2423.8406657999603,103.77562914754219,1582.2924447507057,17603.771814106345,1.1,1.15,lead time 1 week
CA_4,2016-05-02,Rule of thumb,8048.0,6630.624123352399,1417.3758766476008,2617.6758766475996,132.63805398282048,1145.335099306768,17629.463450719697,1.1,1.15,lead time 1 week
CA_4,2016-05-09,Rule of thumb,8671.0,6971.962454330113,1699.0375456698866,2276.337545669886,124.71472086845424,1291.7820001436921,18281.1714118163,1.1,1.15,lead time 1 week
CA_4,2016-05-16,Rule of thumb,8531.0,6921.702518028027,1609.2974819719725,2326.5974819719713,133.24830784934483,1153.1054308298353,18154.07950419368,1.1,1.15,lead time 1 week
CA_4,2016-05-30,Rule of thumb,8988.0,6858.912787830181,2129.08721216982,2730.07471216982,165.26181624000012,1410.732482865014,17235.84836656995,1.1,1.15,lead time 1 week
CA_4,2016-06-06,Rule of thumb,8393.0,6288.566265989526,2104.4337340104744,3300.4212340104723,206.673710537602,1391.9544178209032,15497.856234410014,1.1,1.15,lead time 1 week
CA_4,2016-06-13,Rule of thumb,8101.0,6198.77221781638,1902.2277821836192,3390.215282183619,206.9476722610745,1330.1132851689654,15437.426185538505,1.1,1.15,lead time 1 week
CA_1,2016-04-04,ML point,16078.0,13293.485113416064,2784.5148865839337,3643.71488658393,173.22815338083532,2061.698545204016,33636.9629059969,1.2,1.15,lead time 1 week
CA_1,2016-04-11,ML point,14891.0,12864.981217410257,2026.0187825897433,4072.218782589741,194.96824416455777,1581.9027165775437,32847.9666124055,1.2,1.15,lead time 1 week
CA_1,2016-04-18,ML point,15342.0,13118.816311872522,2223.183688127479,3818.383688127477,172.06703124244135,1848.4495530746754,33273.821439318395,1.2,1.15,lead time 1 week
CA_1,2016-05-02,ML point,16586.0,13841.752566644249,2744.247433355752,3883.19743335575,197.94000418284864,2155.1652055490254,35246.40451077158,1.2,1.15,lead time 1 week
CA_1,2016-05-09,ML point,17114.0,14013.1896321137,3100.810367886299,3711.760367886297,202.78219437128126,2464.1460154901465,35292.67561699031,1.2,1.15,lead time 1 week
CA_1,2016-05-16,ML point,16739.0,13846.392078438892,2892.607921561108,3878.557921561104,212.88106009823343,2066.6699222467323,35520.964524738665,1.2,1.15,lead time 1 week
CA_1,2016-05-30,ML point,17326.0,13684.550357164891,3641.4496428351113,5290.162142835108,336.14498880567555,2511.225942394275,32282.246860652704,1.2,1.15,lead time 1 week
CA_1,2016-06-06,ML point,16447.0,12532.023047052991,3914.9769529470077,6442.689452947004,406.91437660374413,2671.6495815670814,29177.10712609337,1.2,1.15,lead time 1 week
CA_1,2016-06-13,ML point,15703.0,12397.706110271542,3305.293889728459,6577.006389728457,386.67209957517815,2277.5174364925206,29323.62808769064,1.2,1.15,lead time 1 week
CA_2,2016-04-04,ML point,14026.0,11517.198316058715,2508.8016839412835,3001.551683941284,128.34572890399716,2157.96239043023,29033.181985197465,1.2,1.15,lead time 1 week
CA_2,2016-04-11,ML point,13354.0,11236.18002476173,2117.8199752382698,3282.5699752382693,144.86739605640938,1609.7968312351868,28520.497673411086,1.2,1.15,lead time 1 week
CA_2,2016-04-18,ML point,13787.0,11507.37177053409,2279.6282294659095,3011.3782294659068,135.52300237261167,1816.5182753373042,29151.75761544222,1.2,1.15,lead time 1 week
CA_2,2016-05-02,ML point,14097.0,11981.361669917922,2115.6383300820785,3873.975830082077,197.10533728884894,1794.5411318434312,30054.213309777573,1.2,1.15,lead time 1 week
CA_2,2016-05-09,ML point,14330.0,12286.964462337397,2043.0355376626012,3568.373037662601,183.01233888213525,1635.952845312302,31444.4680875587,1.2,1.15,lead time 1 week
CA_2,2016-05-16,ML point,14992.0,12763.578269257514,2228.421730742487,3091.7592307424866,157.72613667989197,1866.0083829408397,32237.50202232417,1.2,1.15,lead time 1 week
CA_2,2016-05-30,ML point,16183.0,12270.48646076486,3912.5135392351394,4154.963539235137,248.0905450846635,2416.0009483244385,29815.853491933354,1.2,1.15,lead time 1 week
CA_2,2016-06-06,ML point,15360.0,11428.586368319038,3931.4136316809613,4996.863631680957,305.34415505830196,2519.6659592164324,26205.372050056885,1.2,1.15,lead time 1 week
CA_2,2016-06-13,ML point,14503.0,11140.477334688574,3362.522665311426,5284.972665311423,311.806850245057,2264.37124001563,25591.46159022449,1.2,1.15,lead time 1 week
CA_3,2016-04-04,ML point,21877.0,18791.164739922344,3085.835260077657,5470.672760077656,284.81932563439295,2373.846966373857,45879.54240530183,1.2,1.15,lead time 1 week
CA_3,2016-04-11,ML point,20212.0,18054.815218704367,2157.1847812956353,6207.022281295636,301.5013941571158,1643.6523009640284,45289.767473246546,1.2,1.15,lead time 1 week
CA_3,2016-04-18,ML point,19207.0,17496.922081590987,1710.0779184090147,6764.915418409009,315.972854976601,1432.6802775688673,43807.034710529595,1.2,1.15,lead time 1 week
CA_3,2016-05-02,ML point,19547.0,17425.998493036965,2121.0015069630363,5954.364006963036,293.33408411498243,1790.591852970108,43487.22756590905,1.2,1.15,lead time 1 week
CA_3,2016-05-09,ML point,19934.0,17496.30882557885,2437.691174421149,5884.053674421144,303.47605304299316,2032.4617404111582,44070.688932206016,1.2,1.15,lead time 1 week
CA_3,2016-05-16,ML point,19252.0,17021.22535577575,2230.7746442242496,6359.137144224246,353.45666863794395,1533.9919290170606,42337.503524347965,1.2,1.15,lead time 1 week
CA_3,2016-05-30,ML point,21019.0,15940.228134376943,5078.771865623057,6302.784365623054,383.0749982029196,3197.583997157055,37694.24379802797,1.2,1.15,lead time 1 week
CA_3,2016-06-06,ML point,21211.0,15000.67768956822,6210.32231043178,7242.334810431776,453.0333920499259,4043.8284967019263,33281.41169474056,1.2,1.15,lead time 1 week
CA_3,2016-06-13,ML point,18399.0,14386.025054525155,4012.974945474845,7856.987445474841,464.92839221408286,2733.8171038559303,32956.6548911135,1.2,1.15,lead time 1 week
CA_4,2016-04-04,ML point,8100.0,6579.6395976982585,1520.3604023017417,2485.8104023017404,111.57404380915554,1309.2653284604803,17447.902230091124,1.2,1.15,lead time 1 week
CA_4,2016-04-11,ML point,7719.0,6410.564323529205,1308.4356764707957,2654.8856764707944,116.44253547654787,1076.5634634146502,16731.257965853954,1.2,1.15,lead time 1 week
CA_4,2016-04-18,ML point,8561.0,6724.398884096112,1836.6011159038885,2341.0511159038865,100.61925583790796,1499.211015810992,17880.709910572055,1.2,1.15,lead time 1 week
CA_4,2016-05-02,ML point,8048.0,6689.7451776886055,1358.254822311395,2558.5548223113938,127.58623798889808,1123.2434161700626,17703.102394508714,1.2,1.15,lead time 1 week
CA_4,2016-05-09,ML point,8671.0,7039.40411143455,1631.595888565449,2208.895888565449,116.01798694515588,1251.8353251916878,18414.32699498965,1.2,1.15,lead time 1 week
CA_4,2016-05-16,ML point,8531.0,6992.78653046529,1538.2134695347106,2255.51346953471,127.67114927136386,1097.2799912303421,18340.164302858655,1.2,1.15,lead time 1 week
CA_4,2016-05-30,ML point,8988.0,6777.4446764183385,2210.5553235816615,2811.5428235816603,166.00135580558378,1498.7385782948422,16942.494715137185,1.2,1.15,lead time 1 week
CA_4,2016-06-06,ML point,8393.0,6374.439931066383,2018.560068933617,3214.547568933617,199.10219630740173,1492.639442571186,15162.239485242404,1.2,1.15,lead time 1 week
CA_4,2016-06-13,ML point,8101.0,6212.153359553266,1888.846640446735,3376.8341404467337,202.07479998031215,1394.924974105456,15221.38722241687,1.2,1.15,lead time 1 week
CA_1,2016-04-04,ML newsvendor,16078.0,12807.19262403893,3270.807375961071,4130.00737596107,203.92888412811865,2417.69340741684,32450.31336528749,,1.15,lead time 1 week
CA_1,2016-04-11,ML newsvendor,14891.0,12359.317838559586,2531.6821614404153,4577.882161440413,223.20228905570173,1940.2470786048289,31653.485405647887,,1.15,lead time 1 week
CA_1,2016-04-18,ML newsvendor,15342.0,12680.372234987528,2661.627765012471,4256.827765012469,197.08975869181452,2058.347638318196,32574.161155173333,,1.15,lead time 1 week
CA_1,2016-05-02,ML newsvendor,16586.0,13458.21644042832,3127.7835595716815,4266.733559571678,208.5407947403772,2355.5660997913938,34578.40152996368,,1.15,lead time 1 week
CA_1,2016-05-09,ML newsvendor,17114.0,13550.575196277385,3563.4248037226153,4174.374803722612,214.59798860994744,2775.396989801734,34255.17236928502,,1.15,lead time 1 week
CA_1,2016-05-16,ML newsvendor,16739.0,13461.727530406893,3277.2724695931065,4263.2224695931045,221.83204938999137,2263.22176915424,34865.791701713635,,1.15,lead time 1 week
CA_1,2016-05-30,ML newsvendor,17326.0,13231.67113080044,4094.3288691995613,5743.04136919956,356.42748705180645,2773.6732768090405,31407.422412603486,,1.15,lead time 1 week
CA_1,2016-06-06,ML newsvendor,16447.0,12045.076304666474,4401.923695333526,6929.636195333522,434.90399104613175,2865.9975833280387,28529.280453556847,,1.15,lead time 1 week
CA_1,2016-06-13,ML newsvendor,15703.0,11642.817383481168,4060.182616518832,7331.89511651883,433.2666554538653,2569.589787859022,28350.053583135636,,1.15,lead time 1 week
CA_2,2016-04-04,ML newsvendor,14026.0,11129.746105633894,2896.2538943661066,3389.003894366105,145.3175237715507,2334.2013306271924,28445.718851207588,,1.15,lead time 1 week
CA_2,2016-04-11,ML newsvendor,13354.0,10803.465247054512,2550.5347529454884,3715.284752945486,158.55420169863737,1886.6940196111773,27597.50704549112,,1.15,lead time 1 week
CA_2,2016-04-18,ML newsvendor,13787.0,10932.781980924508,2854.218019075492,3585.9680190754902,153.193937303577,2133.355227464058,28095.634441686372,,1.15,lead time 1 week
CA_2,2016-05-02,ML newsvendor,14097.0,11760.025472976382,2336.9745270236176,4095.3120270236172,205.96518086187854,1832.7654277896604,29926.798989956813,,1.15,lead time 1 week
CA_2,2016-05-09,ML newsvendor,14330.0,11950.43409179858,2379.56590820142,3904.9034082014205,195.97545936606454,1833.7100884516494,30785.27727709421,,1.15,lead time 1 week
CA_2,2016-05-16,ML newsvendor,14992.0,12389.48040681754,2602.51959318246,3465.8570931824597,176.008437935239,2000.1748253185026,31790.280547731963,,1.15,lead time 1 week
CA_2,2016-05-30,ML newsvendor,16183.0,12025.349330097968,4157.65066990203,4400.100669902027,259.7088075879748,2692.4009899146345,28894.520019966036,,1.15,lead time 1 week
CA_2,2016-06-06,ML newsvendor,15360.0,11081.691822439387,4278.308177560612,5343.758177560612,330.95929288438947,2620.850979948492,25868.08864761669,,1.15,lead time 1 week
CA_2,2016-06-13,ML newsvendor,14503.0,10654.450727021176,3848.549272978823,5770.999272978817,347.43196930607155,2442.8155368087346,24996.647267580807,,1.15,lead time 1 week
CA_3,2016-04-04,ML newsvendor,21877.0,18203.219491163698,3673.7805088362984,6058.618008836296,301.54836679520946,2752.869491245185,44616.13398906407,,1.15,lead time 1 week
CA_3,2016-04-11,ML newsvendor,20212.0,17580.542732248236,2631.4572677517644,6681.294767751761,323.81519644803086,1987.5021343308308,44143.60136202388,,1.15,lead time 1 week
CA_3,2016-04-18,ML newsvendor,19207.0,16915.914566068823,2291.0854339311786,7345.922933931172,338.21483957472657,1865.1701992968547,42365.401638102965,,1.15,lead time 1 week
CA_3,2016-05-02,ML newsvendor,19547.0,17091.654205341885,2455.3457946581148,6288.708294658113,299.62867801381805,1971.1013890217168,42885.52911240369,,1.15,lead time 1 week
CA_3,2016-05-09,ML newsvendor,19934.0,17006.44816210805,2927.5518378919523,6373.914337891949,311.1310933599709,2363.480501191734,42967.29306293743,,1.15,lead time 1 week
CA_3,2016-05-16,ML newsvendor,19252.0,16499.696432023124,2752.3035679768755,6880.666067976875,362.39899120698243,1847.2950161323122,41293.15990063045,,1.15,lead time 1 week
CA_3,2016-05-30,ML newsvendor,21019.0,15439.726623046556,5579.273376953444,6803.285876953441,402.7571574289466,3591.486463538088,36381.23557675786,,1.15,lead time 1 week
CA_3,2016-06-06,ML newsvendor,21211.0,14380.52308617004,6830.476913829962,7862.489413829956,487.06370397182195,4348.368171919838,32266.27944401418,,1.15,lead time 1 week
CA_3,2016-06-13,ML newsvendor,18399.0,13640.277101734164,4758.722898265836,8602.735398265833,505.795665422763,3011.4033010778285,32031.367567040514,,1.15,lead time 1 week
CA_4,2016-04-04,ML newsvendor,8100.0,6317.78692393753,1782.2130760624696,2747.6630760624685,122.86870768347056,1505.1924869803045,16794.81170169171,,1.15,lead time 1 week
CA_4,2016-04-11,ML newsvendor,7719.0,6111.27113977593,1607.7288602240699,2954.1788602240686,129.53419331433463,1299.5657801787424,15987.91690997365,,1.15,lead time 1 week
CA_4,2016-04-18,ML newsvendor,8561.0,6357.630226493876,2203.369773506124,2707.819773506124,116.21169163660173,1807.4679386667267,16853.186834386273,,1.15,lead time 1 week
CA_4,2016-05-02,ML newsvendor,8048.0,6511.021990357627,1536.978009642372,2737.278009642372,125.90263961623924,1230.0369417437257,17347.123975929833,,1.15,lead time 1 week
CA_4,2016-05-09,ML newsvendor,8671.0,6573.490835783897,2097.5091642161033,2674.8091642161025,126.34493868089902,1593.4115772011382,17275.73948829148,,1.15,lead time 1 week
CA_4,2016-05-16,ML newsvendor,8531.0,6595.896403784882,1935.1035962151186,2652.4035962151183,130.91401633485788,1378.1480341379574,17403.937493166603,,1.15,lead time 1 week
CA_4,2016-05-30,ML newsvendor,8988.0,6482.799322069701,2505.200677930299,3106.188177930299,170.97390245360614,1727.9399793256107,16178.490045034625,,1.15,lead time 1 week
CA_4,2016-06-06,ML newsvendor,8393.0,6076.857934461239,2316.142065538762,3512.1295655387617,211.95980768628397,1669.6214004823803,14572.299625538422,,1.15,lead time 1 week
CA_4,2016-06-13,ML newsvendor,8101.0,5859.861321858336,2241.138678141664,3729.1261781416624,221.86410576016488,1608.3010677937282,14510.133576789294,,1.15,lead time 1 week
CA_1,2016-04-04,ML + LP,16078.0,13063.699427329557,3014.300572670443,3873.500572670441,233.49584475585402,1678.669085891505,34913.72777037194,,1.15,lead time 1 week
CA_1,2016-04-11,ML + LP,14891.0,12742.009005104184,2148.9909948958157,4195.190994895812,253.0497628867787,1391.8234340651654,33481.5642207801,,1.15,lead time 1 week
CA_1,2016-04-18,ML + LP,15342.0,13005.760672642553,2336.2393273574453,3931.439327357443,233.85888849695561,1462.2022155731586,34561.31256432345,,1.15,lead time 1 week
CA_1,2016-05-02,ML + LP,16586.0,13562.865109093062,3023.1348909069375,4162.084890906935,257.93653941754076,1899.5130130731018,36098.57848569132,,1.15,lead time 1 week
CA_1,2016-05-09,ML + LP,17114.0,13734.392409246286,3379.6075907537133,3990.5575907537113,264.32818771878016,2217.5929237999335,36114.51925595768,,1.15,lead time 1 week
CA_1,2016-05-16,ML + LP,16739.0,13595.243126344594,3143.7568736554067,4129.706873655403,277.3176739161448,1758.9654294934207,36546.64616724971,,1.15,lead time 1 week
CA_1,2016-05-30,ML + LP,17326.0,13391.955595896,3934.0444041040005,5582.756904103995,394.6637925900798,2232.601946434869,33210.99351385072,,1.15,lead time 1 week
CA_1,2016-06-06,ML + LP,16447.0,11929.778629061453,4517.221370938547,7044.933870938545,477.4498539272114,2196.0024971115986,30762.597407611644,,1.15,lead time 1 week
CA_1,2016-06-13,ML + LP,15703.0,11959.076822981619,3743.9231770183824,7015.635677018381,451.6509728936144,1906.719040972282,30559.62273942477,,1.15,lead time 1 week
CA_2,2016-04-04,ML + LP,14026.0,11322.138326070144,2703.861673929856,3196.6116739298545,167.33468367585863,1914.0225808809146,29846.31468369518,,1.15,lead time 1 week
CA_2,2016-04-11,ML + LP,13354.0,11135.103771130363,2218.8962288696357,3383.646228869635,184.60584397066322,1372.0043882062182,29313.139150174316,,1.15,lead time 1 week
CA_2,2016-04-18,ML + LP,13787.0,11307.372713185585,2479.627286814414,3211.3772868144133,181.09597482375105,1514.5471387628727,30158.328070690328,,1.15,lead time 1 week
CA_2,2016-05-02,ML + LP,14097.0,11806.646491261577,2290.353508738422,4048.6910087384217,239.47208924524125,1577.1396500940648,30778.884915608796,,1.15,lead time 1 week
CA_2,2016-05-09,ML + LP,14330.0,12186.086561567856,2143.913438432144,3669.250938432143,227.70186587999692,1421.0124931735747,32160.93592802113,,1.15,lead time 1 week
CA_2,2016-05-16,ML + LP,14992.0,12594.81682237552,2397.1831776244817,3260.52067762448,206.79218489777247,1552.137342769148,33283.73882289647,,1.15,lead time 1 week
CA_2,2016-05-30,ML + LP,16183.0,11924.258977012934,4258.741022987066,4501.191022987061,299.627135535616,2190.061330697416,30568.9855506901,,1.15,lead time 1 week
CA_2,2016-06-06,ML + LP,15360.0,10787.566972766619,4572.433027233381,5637.88302723338,368.60525727244305,2081.4427266379253,27666.11615865191,,1.15,lead time 1 week
CA_2,2016-06-13,ML + LP,14503.0,10539.839862586761,3963.1601374132406,5885.610137413238,379.2007464700438,1964.1685138193766,26592.137344212002,,1.15,lead time 1 week
CA_3,2016-04-04,ML + LP,21877.0,18265.88510360157,3611.114896398427,5995.952396398425,363.81872321941955,2006.4871297507889,47104.075194045385,,1.15,lead time 1 week
CA_3,2016-04-11,ML + LP,20212.0,17670.830542333737,2541.1694576662653,6591.006957666263,355.4125950607295,1463.73288621364,45889.49885574784,,1.15,lead time 1 week
CA_3,2016-04-18,ML + LP,19207.0,17230.432753223555,1976.5672467764462,7031.40474677645,371.0770233478926,1194.4565336584164,44601.11385689776,,1.15,lead time 1 week
CA_3,2016-05-02,ML + LP,19547.0,16934.817484118903,2612.1825158810966,6445.545015881098,376.2163238880566,1529.5496070689933,44357.36838557943,,1.15,lead time 1 week
CA_3,2016-05-09,ML + LP,19934.0,17256.092288509488,2677.907711490512,6124.270211490515,362.88730928783434,1776.4192230599015,44924.16399004354,,1.15,lead time 1 week
CA_3,2016-05-16,ML + LP,19252.0,16602.269289468848,2649.7307105311543,6778.093210531155,424.4380962658124,1378.0816415306053,42857.204482636145,,1.15,lead time 1 week
CA_3,2016-05-30,ML + LP,21019.0,15424.953223337732,5594.046776662269,6818.059276662266,465.68627094719,2900.2369768529697,38685.40053237492,,1.15,lead time 1 week
CA_3,2016-06-06,ML + LP,21211.0,14195.438476982283,7015.561523017716,8047.574023017718,545.6039503444442,3495.7238040099355,35108.427337047186,,1.15,lead time 1 week
CA_3,2016-06-13,ML + LP,18399.0,13834.624269802462,4564.3757301975365,8408.388230197532,548.6310780267379,2266.6051087003534,34514.02820829876,,1.15,lead time 1 week
CA_4,2016-04-04,ML + LP,8100.0,6538.558339151683,1561.4416608483173,2526.891660848316,145.9487812420607,1092.4689502449287,18170.556824142965,,1.15,lead time 1 week
CA_4,2016-04-11,ML + LP,7719.0,6323.530550073918,1395.4694499260822,2741.919449926081,158.54619613427772,874.0390721495662,17406.339270070905,,1.15,lead time 1 week
CA_4,2016-04-18,ML + LP,8561.0,6723.36785398999,1837.63214601001,2342.0821460100087,136.1158344732985,1184.302442208535,18930.405155913584,,1.15,lead time 1 week
CA_4,2016-05-02,ML + LP,8048.0,6549.857016747386,1498.1429832526137,2698.4429832526143,162.62366827979508,936.9939289919566,18323.934018435735,,1.15,lead time 1 week
CA_4,2016-05-09,ML + LP,8671.0,6916.745400244654,1754.2545997553466,2331.5545997553445,151.55978045483965,1084.35628235888,18972.590471099007,,1.15,lead time 1 week
CA_4,2016-05-16,ML + LP,8531.0,6788.0302766931045,1742.969723306896,2460.2697233068957,169.20616327867629,949.9223887151238,18831.356311242722,,1.15,lead time 1 week
CA_4,2016-05-30,ML + LP,8988.0,6553.45053128363,2434.54946871637,3035.536968716369,203.87740061938183,1366.713860773153,17382.577106876153,,1.15,lead time 1 week
CA_4,2016-06-06,ML + LP,8393.0,6055.2816684834925,2337.7183315165075,3533.7058315165073,239.70353336073597,1252.3524479262746,15963.196134058777,,1.15,lead time 1 week
CA_4,2016-06-13,ML + LP,8101.0,5962.959935718722,2138.0400642812783,3626.0275642812785,240.5064367168539,1216.9013333246016,15814.799358353052,,1.15,lead time 1 week
CA_1,2016-04-04,Rule of thumb,16078.0,13738.12649545084,2339.8735045491576,5408.273504549159,257.0734523836137,1684.2120196290034,34895.25132458028,1.3,1.3,lead time 1 week
CA_1,2016-04-11,Rule of thumb,14891.0,13236.757096061592,1654.2429039384078,5909.642903938408,281.9580650835846,1315.9705613554493,33734.40712981249,1.3,1.3,lead time 1 week
CA_1,2016-04-18,Rule of thumb,15342.0,13231.315240705106,2110.6847592948943,5915.084759294897,279.922214873647,1693.6071089626794,33789.96291969172,1.3,1.3,lead time 1 week
CA_1,2016-05-02,Rule of thumb,16586.0,13978.906674560436,2607.093325439564,6057.9933254395655,297.99423912177133,2014.4467607420343,35715.46599346155,1.3,1.3,lead time 1 week
CA_1,2016-05-09,Rule of thumb,17114.0,14482.45131074514,2631.5486892548597,5554.448689254859,285.4992558441319,2077.3005655190636,36582.16045022725,1.3,1.3,lead time 1 week
CA_1,2016-05-16,Rule of thumb,16739.0,14344.094578009031,2394.9054219909685,5692.80542199097,301.57828677604607,1774.7141442100506,36494.1504515276,1.3,1.3,lead time 1 week
CA_1,2016-05-30,Rule of thumb,17326.0,14704.81391611994,2621.1860838800603,6744.861083880056,413.15409212902597,1774.1329366538803,34739.22354645402,1.3,1.3,lead time 1 week
CA_1,2016-06-06,Rule of thumb,16447.0,13674.550341347851,2772.44965865215,7775.12465865215,484.3050716512362,1611.8325253372195,32709.830646859573,1.3,1.3,lead time 1 week
CA_1,2016-06-13,Rule of thumb,15703.0,13376.739781124652,2326.2602188753494,8072.935218875348,487.5668819811546,1464.2518088434863,32034.51351318742,1.3,1.3,lead time 1 week
CA_2,2016-04-04,Rule of thumb,14026.0,11724.433776237624,2301.5662237623765,4688.066223762376,189.98595742301103,1999.1674757836108,29562.498367352862,1.3,1.3,lead time 1 week
CA_2,2016-04-11,Rule of thumb,13354.0,11604.780151886644,1749.2198481133546,4807.719848113355,194.44785801909677,1351.2343269694315,29382.37268763027,1.3,1.3,lead time 1 week
CA_2,2016-04-18,Rule of thumb,13787.0,11970.980179998482,1816.019820001517,4441.519820001517,185.12305777711578,1465.5341668235883,30321.70464382127,1.3,1.3,lead time 1 week
CA_2,2016-05-02,Rule of thumb,14097.0,12185.169870260566,1911.830129739434,5738.255129739431,296.867848313149,1627.653268804695,30610.506186573366,1.3,1.3,lead time 1 week
CA_2,2016-05-09,Rule of thumb,14330.0,12563.902056707462,1766.097943292537,5359.522943292536,275.71042040928876,1361.8849442656801,32358.02775771411,1.3,1.3,lead time 1 week
CA_2,2016-05-16,Rule of thumb,14992.0,13221.422873180516,1770.5771268194846,4702.002126819482,240.75214479483282,1506.9600232386913,33434.32988799799,1.3,1.3,lead time 1 week
CA_2,2016-05-30,Rule of thumb,16183.0,13008.792355860114,3174.2076441398854,5559.107644139889,329.83251561717293,1736.1433023079367,32082.045645321698,1.3,1.3,lead time 1 week
CA_2,2016-06-06,Rule of thumb,15360.0,12044.766590131734,3315.2334098682645,6523.133409868267,391.23958352788736,1696.2267855631976,28950.169295567666,1.3,1.3,lead time 1 week
CA_2,2016-06-13,Rule of thumb,14503.0,11588.91303528491,2914.0869647150894,6978.98696471509,414.99853079014554,1695.476941147113,27487.775919786218,1.3,1.3,lead time 1 week
CA_3,2016-04-04,Rule of thumb,21877.0,19165.806622901087,2711.1933770989103,8260.618377098912,372.45750446679745,2295.4445916077475,46140.88365452219,1.3,1.3,lead time 1 week
CA_3,2016-04-11,Rule of thumb,20212.0,18129.757938920855,2082.2420610791437,9296.667061079144,419.2965728187313,1612.1591364245983,45394.74468837799,1.3,1.3,lead time 1 week
CA_3,2016-04-18,Rule of thumb,19207.0,17736.149577354037,1470.8504226459622,9690.275422645962,422.5207694917362,1228.146210307184,44488.8149347352,1.3,1.3,lead time 1 week
CA_3,2016-05-02,Rule of thumb,19547.0,17509.52071861589,2037.47928138411,8920.454281384114,431.14652996747884,1727.454332955892,43697.685965956436,1.3,1.3,lead time 1 week
CA_3,2016-05-09,Rule of thumb,19934.0,17975.505344503952,1958.4946554960466,8454.469655496045,407.6784536262546,1747.6064066613098,45020.206711372186,1.3,1.3,lead time 1 week
CA_3,2016-05-16,Rule of thumb,19252.0,17336.20343034433,1915.7965696556707,9093.771569655673,472.50908215021025,1429.0706994870995,42687.2409561145,1.3,1.3,lead time 1 week
CA_3,2016-05-30,Rule of thumb,21019.0,16931.934578050073,4087.065421949926,8212.34042194993,494.77482422792923,2495.762264251656,40033.649574379306,1.3,1.3,lead time 1 week
CA_3,2016-06-06,Rule of thumb,21211.0,16196.792852257588,5014.207147742412,8947.482147742412,559.7937068436472,2859.2393116559824,37230.04231156036,1.3,1.3,lead time 1 week
CA_3,2016-06-13,Rule of thumb,18399.0,15009.776281074963,3389.223718925038,10134.49871892504,597.4982155798774,2064.277674618509,35188.452988571575,1.3,1.3,lead time 1 week
CA_4,2016-04-04,Rule of thumb,8100.0,6813.461493086388,1286.5385069136119,3434.4385069136106,161.52282926151975,1116.9163480614545,18089.065498087875,1.3,1.3,lead time 1 week
CA_4,2016-04-11,Rule of thumb,7719.0,6600.842154185007,1118.1578458149932,3647.057845814993,167.10186648853056,912.8402278342617,17277.002084455253,1.3,1.3,lead time 1 week
CA_4,2016-04-18,Rule of thumb,8561.0,7042.028496979148,1518.9715030208522,3205.8715030208527,140.91152387168574,1235.5483611973468,18759.585425950878,1.3,1.3,lead time 1 week
CA_4,2016-05-02,Rule of thumb,8048.0,6852.523315095748,1195.4766849042524,3602.0766849042534,184.16058448543015,968.7824054338931,18217.972430295944,1.3,1.3,lead time 1 week
CA_4,2016-05-09,Rule of thumb,8671.0,7371.259931321716,1299.7400686782835,3083.3400686782843,170.04635316652306,1005.9694557859871,19233.87989300865,1.3,1.3,lead time 1 week
CA_4,2016-05-16,Rule of thumb,8531.0,7242.288733577183,1288.7112664228166,3212.3112664228174,184.0076646974769,916.939938686583,18941.297811337856,1.3,1.3,lead time 1 week
CA_4,2016-05-30,Rule of thumb,8988.0,7246.346449344886,1741.6535506551131,3593.378550655114,214.36539323666216,1150.7424114952369,18102.48193780254,1.3,1.3,lead time 1 week
CA_4,2016-06-06,Rule of thumb,8393.0,6711.006053413557,1681.9939465864431,4128.718946586444,254.57906135221162,1093.2245188659176,16493.622564259967,1.3,1.3,lead time 1 week
CA_4,2016-06-13,Rule of thumb,8101.0,6545.297540973076,1555.7024590269239,4294.427459026923,255.4054587504231,1064.5817825801878,16322.531194167765,1.3,1.3,lead time 1 week
CA_1,2016-04-04,ML point,16078.0,13978.900409820144,2099.099590179855,5167.499590179856,247.56719855428793,1533.5227435502984,35397.54891150929,1.4,1.3,lead time 1 week
CA_1,2016-04-11,ML point,14891.0,13373.402684938794,1517.5973150612053,5772.997315061208,278.34194265008716,1178.0565417827406,34194.120528388186,1.4,1.3,lead time 1 week
CA_1,2016-04-18,ML point,15342.0,13647.590030445203,1694.4099695547968,5498.809969554797,251.84601687826049,1393.5084018736939,34790.291943321674,1.4,1.3,lead time 1 week
CA_1,2016-05-02,ML point,16586.0,14404.242155272168,2181.757844727831,5632.657844727833,286.19032677847383,1720.780691366833,36694.35289137889,1.4,1.3,lead time 1 week
CA_1,2016-05-09,ML point,17114.0,14671.551006835329,2442.448993164672,5365.3489931646745,289.5063529171059,1990.1114231220677,36872.7909248839,1.4,1.3,lead time 1 week
CA_1,2016-05-16,ML point,16739.0,14476.343437973565,2262.6565620264355,5560.556562026437,299.67528986207424,1582.0855854882063,37136.24564726709,1.4,1.3,lead time 1 week
CA_1,2016-05-30,ML point,17326.0,14590.081629770557,2735.9183702294436,6859.593370229442,420.846631101446,1907.541865991935,34294.52711532717,1.4,1.3,lead time 1 week
CA_1,2016-06-06,ML point,16447.0,13507.083755276923,2939.916244723078,7942.591244723077,493.1581647609812,2063.540056774764,31204.138875401095,1.4,1.3,lead time 1 week
CA_1,2016-06-13,ML point,15703.0,13240.979040513386,2462.020959486614,8208.695959486613,472.36204168901264,1668.0103956857638,31355.31822371316,1.4,1.3,lead time 1 week
CA_2,2016-04-04,ML point,14026.0,12089.89989428032,1936.1001057196795,4322.600105719679,190.72608403057717,1712.2867076588311,30518.767594435456,1.4,1.3,lead time 1 week
CA_2,2016-04-11,ML point,13354.0,11761.472166448328,1592.5278335516716,4651.0278335516705,210.59493999807768,1185.5601191418414,29934.620047055574,1.4,1.3,lead time 1 week
CA_2,2016-04-18,ML point,13787.0,12189.520401699647,1597.4795983003519,4222.979598300351,193.9664418738168,1298.7618513596676,30877.612362034342,1.4,1.3,lead time 1 week
CA_2,2016-05-02,ML point,14097.0,12365.595910726413,1731.404089273587,5557.829089273584,278.62226306365073,1497.7062862662633,31043.662795034805,1.4,1.3,lead time 1 week
CA_2,2016-05-09,ML point,14330.0,12805.056788531883,1524.9432114681167,5118.368211468116,262.31589084488377,1247.9179121455468,32737.917864781215,1.4,1.3,lead time 1 week
CA_2,2016-05-16,ML point,14992.0,13298.51185880808,1693.488141191921,4624.913141191917,234.27555009797175,1433.5410726902064,33679.05972315962,1.4,1.3,lead time 1 week
CA_2,2016-05-30,ML point,16183.0,13045.242527334154,3137.757472665846,5522.6574726658455,321.6886169699585,1890.118941829408,31568.79351358346,1.4,1.3,lead time 1 week
CA_2,2016-06-06,ML point,15360.0,12289.999324217644,3070.0006757823558,6277.900675782356,373.1421931801691,1934.6790119729103,28155.328540868628,1.4,1.3,lead time 1 week
CA_2,2016-06-13,ML point,14503.0,11777.605001374068,2725.3949986259317,6790.294998625935,387.97470377416926,1827.732645207705,27046.923572917574,1.4,1.3,lead time 1 week
CA_3,2016-04-04,ML point,21877.0,19690.89879577142,2186.1012042285774,7735.526204228576,396.31696431187504,1713.5534128745144,48080.52091696631,1.4,1.3,lead time 1 week
CA_3,2016-04-11,ML point,20212.0,18825.203142863244,1386.7968571367578,8601.221857136758,419.6018648841101,1041.2527264898245,47297.76605482723,1.4,1.3,lead time 1 week
CA_3,2016-04-18,ML point,19207.0,18018.06078927152,1188.939210728482,9408.364210728478,441.3943598264968,1023.5405593439503,45170.833771279315,1.4,1.3,lead time 1 week
CA_3,2016-05-02,ML point,19547.0,17925.242611087175,1621.7573889128273,8504.732388912835,417.4848579383628,1380.0344838138355,44855.75212976329,1.4,1.3,lead time 1 week
CA_3,2016-05-09,ML point,19934.0,18224.138820567,1709.8611794330004,8205.836179433005,419.48746969084056,1494.5690299578905,45863.66463371691,1.4,1.3,lead time 1 week
CA_3,2016-05-16,ML point,19252.0,17690.505630059117,1561.49436994088,8739.469369940882,478.261854212955,1080.2375409625063,43850.01815119648,1.4,1.3,lead time 1 week
CA_3,2016-05-30,ML point,21019.0,17034.01279253527,3984.9872074647296,8110.262207464727,480.00116353176657,2431.0767716640175,40249.267883004766,1.4,1.3,lead time 1 week
CA_3,2016-06-06,ML point,21211.0,16248.370321507424,4962.629678492575,8895.904678492578,546.6822997680531,3294.9097951421727,35777.8073666064,1.4,1.3,lead time 1 week
CA_3,2016-06-13,ML point,18399.0,15236.16707934149,3162.8329206585104,9908.107920658513,572.2012511420711,2135.9210788624664,34949.64164109172,1.4,1.3,lead time 1 week
CA_4,2016-04-04,ML point,8100.0,6921.2017163161845,1178.7982836838157,3326.6982836838147,153.36039262926545,1038.0140768358087,18352.07306884003,1.4,1.3,lead time 1 week
CA_4,2016-04-11,ML point,7719.0,6707.789775011637,1011.2102249883624,3540.1102249883616,159.59221241971977,829.4945944829694,17554.820862292894,1.4,1.3,lead time 1 week
CA_4,2016-04-18,ML point,8561.0,7144.277994600445,1416.7220053995547,3103.622005399555,136.85259681096142,1144.0723715227814,19064.50539153276,1.4,1.3,lead time 1 week
CA_4,2016-05-02,ML point,8048.0,6961.406414456295,1086.593585543705,3493.193585543706,175.7943599037408,925.8064304653186,18361.22568019119,1.4,1.3,lead time 1 week
CA_4,2016-05-09,ML point,8671.0,7437.347405268802,1233.6525947311984,3017.2525947311997,158.8939332505436,942.1589185412464,19446.58168382445,1.4,1.3,lead time 1 week
CA_4,2016-05-16,ML point,8531.0,7355.268470698435,1175.731529301565,3099.3315293015653,174.917838615747,826.3147896922396,19243.381641319,1.4,1.3,lead time 1 week
CA_4,2016-05-30,ML point,8988.0,7191.532411626217,1796.4675883737825,3648.192588373783,212.88488621745836,1212.0189515448155,17898.226804303944,1.4,1.3,lead time 1 week
CA_4,2016-06-06,ML point,8393.0,6866.017629499709,1526.9823705002918,3973.707370500292,242.25373185007834,1143.875481705875,16324.786021460108,1.4,1.3,lead time 1 week
CA_4,2016-06-13,ML point,8101.0,6626.145497559572,1474.8545024404284,4213.579502440429,246.6568630621298,1085.5193419296852,16252.739329669437,1.4,1.3,lead time 1 week
CA_1,2016-04-04,ML newsvendor,16078.0,13709.914430778123,2368.0855692218774,5436.485569221879,268.92206782951587,1747.9315515801459,34682.85288474314,,1.3,lead time 1 week
CA_1,2016-04-11,ML newsvendor,14891.0,13259.457416401372,1631.5425835986273,5886.942583598629,291.22106497652123,1277.8623800997834,33861.43440066471,,1.3,lead time 1 week
CA_1,2016-04-18,ML newsvendor,15342.0,13485.0765402461,1856.9234597538994,5661.3234597539,264.07942619403053,1415.2293742046893,34717.88870221835,,1.3,lead time 1 week
CA_1,2016-05-02,ML newsvendor,16586.0,14306.238469494954,2279.761530505045,5730.661530505046,284.44011383172756,1715.7198595531167,36711.22233075794,,1.3,lead time 1 week
CA_1,2016-05-09,ML newsvendor,17114.0,14415.902219817284,2698.0977801827157,5620.997780182715,293.13238751676516,2166.9550782992856,36283.31207429318,,1.3,lead time 1 week
CA_1,2016-05-16,ML newsvendor,16739.0,14344.398405589967,2394.601594410033,5692.501594410038,302.3226679271106,1632.1626656474139,36969.322046736386,,1.3,lead time 1 week
CA_1,2016-05-30,ML newsvendor,17326.0,14212.95432252538,3113.045677474619,7236.720677474617,439.85447994385027,2149.74052280967,33487.19825926805,,1.3,lead time 1 week
CA_1,2016-06-06,ML newsvendor,16447.0,13162.380610123579,3284.6193898764213,8287.29438987642,513.0614617128844,2106.8042919168747,31059.924758260728,,1.3,lead time 1 week
CA_1,2016-06-13,ML newsvendor,15703.0,12755.264481599655,2947.7355184003454,8694.410518400342,507.0973982524973,1836.7760261824133,30792.76612205767,,1.3,lead time 1 week
CA_2,2016-04-04,ML newsvendor,14026.0,11839.042023983748,2186.9579760162533,4573.4579760162505,201.24487089540537,1812.339169866249,30185.259387077396,,1.3,lead time 1 week
CA_2,2016-04-11,ML newsvendor,13354.0,11578.88769688457,1775.1123031154298,4833.612303115429,212.21062065779162,1298.1622911602415,29559.279473660907,,1.3,lead time 1 week
CA_2,2016-04-18,ML newsvendor,13787.0,11796.326231063793,1990.6737689362076,4616.173768936207,204.31236791881258,1498.0008709402905,30213.4822967656,,1.3,lead time 1 week
CA_2,2016-05-02,ML newsvendor,14097.0,12470.377785436829,1626.622214563171,5453.047214563169,276.38856087860603,1350.1143721141389,31535.63584220855,,1.3,lead time 1 week
CA_2,2016-05-09,ML newsvendor,14330.0,12654.402547293068,1675.597452706932,5269.022452706933,267.4022658792711,1305.6396235604996,32545.51216006471,,1.3,lead time 1 week
CA_2,2016-05-16,ML newsvendor,14992.0,13216.59213779729,1775.40786220271,4706.83286220271,240.41845020471374,1400.7655184117482,33788.31157075448,,1.3,lead time 1 week
CA_2,2016-05-30,ML newsvendor,16183.0,12908.131205962543,3274.868794037456,5659.768794037457,329.00560734365223,2083.5629630700496,30923.980109447988,,1.3,lead time 1 week
CA_2,2016-06-06,ML newsvendor,15360.0,12067.758052249712,3292.2419477502863,6500.141947750291,394.77243542988896,1950.787443356249,28101.63376959083,,1.3,lead time 1 week
CA_2,2016-06-13,ML newsvendor,14503.0,11634.06595991187,2868.934040088132,6933.834040088132,410.58970520173955,1816.007351056514,27086.00788675488,,1.3,lead time 1 week
CA_3,2016-04-04,ML newsvendor,21877.0,19244.38652434521,2632.6134756547904,8182.038475654788,408.2291349541409,2000.916185398678,47122.64500855243,,1.3,lead time 1 week
CA_3,2016-04-11,ML newsvendor,20212.0,18613.311114390275,1598.6888856097241,8813.11388560972,427.5293280417664,1215.9747447965894,46715.359327138016,,1.3,lead time 1 week
CA_3,2016-04-18,ML newsvendor,19207.0,17784.4624880759,1422.5375119241016,9641.962511924099,445.67324743755967,1223.2029398970667,44505.29250276892,,1.3,lead time 1 week
CA_3,2016-05-02,ML newsvendor,19547.0,17877.616239266572,1669.3837607334278,8552.358760733434,408.75993652428554,1344.9398860700753,44972.734122242495,,1.3,lead time 1 week
CA_3,2016-05-09,ML newsvendor,19934.0,18112.361479124113,1821.6385208758861,8317.613520875888,410.167284910668,1587.3915593757565,45554.25620232403,,1.3,lead time 1 week
CA_3,2016-05-16,ML newsvendor,19252.0,17317.197229805344,1934.8027701946548,9112.777770194654,481.44411442091354,1263.4167103744976,43239.42091982317,,1.3,lead time 1 week
CA_3,2016-05-30,ML newsvendor,21019.0,16564.381322933492,4454.618677066506,8579.893677066511,498.97723631662154,2834.164001577965,38905.643783291605,,1.3,lead time 1 week
CA_3,2016-06-06,ML newsvendor,21211.0,15802.275883943803,5408.724116056198,9341.9991160562,568.2824552043326,3433.8136937819463,35314.79437114049,,1.3,lead time 1 week
CA_3,2016-06-13,ML newsvendor,18399.0,14898.876817473345,3500.123182526656,10245.398182526655,592.0631447202413,2181.252977770769,34798.535311397376,,1.3,lead time 1 week
CA_4,2016-04-04,ML newsvendor,8100.0,6715.379620456415,1384.6203795435847,3532.5203795435837,160.30016521558287,1177.3130273640204,17887.74323374599,,1.3,lead time 1 week
CA_4,2016-04-11,ML newsvendor,7719.0,6530.302365916005,1188.6976340839947,3717.5976340839943,166.03622984066436,972.6194334758743,17077.73806564988,,1.3,lead time 1 week
CA_4,2016-04-18,ML newsvendor,8561.0,6863.460835312614,1697.5391646873857,3384.4391646873855,148.7146510619715,1393.3966649589759,18233.42441341211,,1.3,lead time 1 week
CA_4,2016-05-02,ML newsvendor,8048.0,6911.998828264878,1136.001171735122,3542.601171735121,166.57994445532944,910.4664542381806,18412.358934281652,,1.3,lead time 1 week
CA_4,2016-05-09,ML newsvendor,8671.0,7084.815256134469,1586.184743865531,3369.784743865532,163.43911987982835,1204.6296889660111,18571.679115741903,,1.3,lead time 1 week
CA_4,2016-05-16,ML newsvendor,8531.0,7130.33326949858,1400.6667305014198,3324.26673050142,168.591017809342,970.3757112493712,18763.178569461892,,1.3,lead time 1 week
CA_4,2016-05-30,ML newsvendor,8988.0,6954.383070996709,2033.6169290032915,3885.3419290032925,212.99077664312094,1381.5408335876195,17333.153864161264,,1.3,lead time 1 week
CA_4,2016-06-06,ML newsvendor,8393.0,6594.381021492498,1798.618978507502,4245.3439785075025,252.5303922497148,1296.3740950620713,15816.457310272786,,1.3,lead time 1 week
CA_4,2016-06-13,ML newsvendor,8101.0,6393.817125164877,1707.1828748351227,4445.907874835122,261.5296746623858,1235.0697720483306,15754.23789594062,,1.3,lead time 1 week
CA_1,2016-04-04,ML + LP,16078.0,13883.28078609271,2194.7192139072913,5263.119213907292,296.0474978386404,1277.2468289857572,36251.80196005776,,1.3,lead time 1 week
CA_1,2016-04-11,ML + LP,14891.0,13382.47314771624,1508.5268522837605,5763.926852283761,332.3810458899222,995.0645914743093,34804.09369608295,,1.3,lead time 1 week
CA_1,2016-04-18,ML + LP,15342.0,13527.3873946979,1814.6126053020994,5619.012605302101,316.747827798275,1185.1726348390491,35484.74450010382,,1.3,lead time 1 week
CA_1,2016-05-02,ML + LP,16586.0,14319.006551557715,2266.9934484422856,5717.893448442288,333.9411679263849,1396.2186006048717,37776.226527252096,,1.3,lead time 1 week
CA_1,2016-05-09,ML + LP,17114.0,14446.145221052651,2667.8547789473487,5590.754778947352,342.5907980418061,1836.2310749712033,37385.72541872012,,1.3,lead time 1 week
CA_1,2016-05-16,ML + LP,16739.0,14323.57571556649,2415.4242844335117,5713.324284433512,356.2194175412046,1408.9179485884983,37713.47110359944,,1.3,lead time 1 week
CA_1,2016-05-30,ML + LP,17326.0,14217.65133672546,3108.3486632745403,7232.023663274539,476.9055205896335,1778.8513590122552,34723.4954719261,,1.3,lead time 1 week
CA_1,2016-06-06,ML + LP,16447.0,13011.747686128472,3435.2523138715287,8437.927313871525,552.1780282575066,1762.8172157325275,32206.548345541883,,1.3,lead time 1 week
CA_1,2016-06-13,ML + LP,15703.0,13033.959209598428,2669.040790401573,8415.715790401573,529.0539827805585,1409.751605410256,32216.180857964857,,1.3,lead time 1 week
CA_2,2016-04-04,ML + LP,14026.0,11938.902715693148,2087.097284306853,4473.597284306851,228.5668734264779,1528.7275691628092,31130.631389422197,,1.3,lead time 1 week
CA_2,2016-04-11,ML + LP,13354.0,11639.506132644517,1714.493867355483,4772.993867355482,250.52329573427448,1062.1697346004764,30345.921328860124,,1.3,lead time 1 week
CA_2,2016-04-18,ML + LP,13787.0,11994.468274882955,1792.531725117046,4418.031725117045,237.72655617020297,1149.67084867701,31374.582370976532,,1.3,lead time 1 week
CA_2,2016-05-02,ML + LP,14097.0,12384.265338266589,1712.7346617334101,5539.15966173341,316.49350947822745,1220.5396815016468,31967.551477583525,,1.3,lead time 1 week
CA_2,2016-05-09,ML + LP,14330.0,12802.802500491951,1527.19749950805,5120.622499508047,302.52546492184206,1096.1831133911317,33243.700527295936,,1.3,lead time 1 week
CA_2,2016-05-16,ML + LP,14992.0,13308.855974549084,1683.1440254509153,4614.569025450915,276.50322460678797,1169.961029173217,34557.659868216244,,1.3,lead time 1 week
CA_2,2016-05-30,ML + LP,16183.0,12775.343455115959,3407.656544884041,5792.5565448840425,370.89526166035796,1759.5785667534465,32003.928097169995,,1.3,lead time 1 week
CA_2,2016-06-06,ML + LP,15360.0,11677.379437285987,3682.6205627140134,6890.520562714015,435.0446066048855,1632.2661987749534,29163.37125152848,,1.3,lead time 1 week
CA_2,2016-06-13,ML + LP,14503.0,11517.150547202913,2985.849452797087,7050.749452797088,439.2518918702184,1538.4335995584615,28011.25372508172,,1.3,lead time 1 week
CA_3,2016-04-04,ML + LP,21877.0,19213.9907497913,2663.0092502086977,8212.434250208697,471.28584694293784,1576.3079757823323,48538.00570727358,,1.3,lead time 1 week
CA_3,2016-04-11,ML + LP,20212.0,18547.565955324375,1664.4340446756278,8878.859044675624,486.75127089335297,1038.5671910200153,47306.717839726596,,1.3,lead time 1 week
CA_3,2016-04-18,ML + LP,19207.0,17963.293073334586,1243.706926665416,9463.131926665414,488.0478330702001,1026.2254835442645,45161.884023944935,,1.3,lead time 1 week
CA_3,2016-05-02,ML + LP,19547.0,17910.59089224873,1636.4091077512721,8519.384107751275,473.15117418332125,1022.1225821146606,46048.791802093874,,1.3,lead time 1 week
CA_3,2016-05-09,ML + LP,19934.0,18256.99310642721,1677.0068935727904,8172.981893572792,473.6718742870371,1304.5821496264225,46496.95423482181,,1.3,lead time 1 week
CA_3,2016-05-16,ML + LP,19252.0,17432.801792204576,1819.1982077954208,8997.173207795422,551.1206250681043,1073.474276756236,43872.56236521738,,1.3,lead time 1 week
CA_3,2016-05-30,ML + LP,21019.0,16614.674457788904,4404.325542211098,8529.600542211097,557.6399646252257,2332.3415575594136,40578.38526335344,,1.3,lead time 1 week
CA_3,2016-06-06,ML + LP,21211.0,15478.466305870881,5732.533694129119,9665.808694129122,632.5071445898211,2864.251293905628,37213.33570406155,,1.3,lead time 1 week
CA_3,2016-06-13,ML + LP,18399.0,15096.571521669792,3302.4284783302073,10047.703478330212,631.9258795886731,1695.6448018154092,36417.22923124858,,1.3,lead time 1 week
CA_4,2016-04-04,ML + LP,8100.0,6890.492109327732,1209.5078906722686,3357.407890672268,181.43268598609944,916.0036625972731,18758.77444963515,,1.3,lead time 1 week
CA_4,2016-04-11,ML + LP,7719.0,6632.113847237589,1086.8861527624117,3615.786152762412,195.13819343038966,703.6670668978651,17974.24595424324,,1.3,lead time 1 week
CA_4,2016-04-18,ML + LP,8561.0,7135.393689820698,1425.6063101793025,3112.5063101793016,166.82868917589815,933.1709885069583,19767.510001585506,,1.3,lead time 1 week
CA_4,2016-05-02,ML + LP,8048.0,6966.332564520421,1081.6674354795782,3488.26743547958,200.6653735709517,725.4372564672046,19029.12292685157,,1.3,lead time 1 week
CA_4,2016-05-09,ML + LP,8671.0,7342.028155649924,1328.9718443500763,3112.5718443500773,189.81762486889335,854.2455798019196,19739.626146288872,,1.3,lead time 1 week
CA_4,2016-05-16,ML + LP,8531.0,7244.002801765984,1286.997198234016,3210.597198234016,207.31755610502736,718.2446732252199,19603.61536287573,,1.3,lead time 1 week
CA_4,2016-05-30,ML + LP,8988.0,7021.176123678441,1966.8238763215581,3818.5488763215576,244.7305619756324,1122.0811498109517,18198.019476750156,,1.3,lead time 1 week
CA_4,2016-06-06,ML + LP,8393.0,6636.551980687202,1756.448019312798,4203.173019312798,274.48013542044305,959.5176601497828,16939.312093313747,,1.3,lead time 1 week
CA_4,2016-06-13,ML + LP,8101.0,6499.826973207568,1601.1730267924327,4339.898026792433,277.7903876300056,945.8062730924553,16718.44955912687,,1.3,lead time 1 week
CA_1,2016-04-04,Rule of thumb,16078.0,14349.465660646387,1728.534339353612,7742.534339353613,373.8394856563512,1237.6953567539522,36383.64020083044,1.5,1.5,lead time 1 week
CA_1,2016-04-11,Rule of thumb,14891.0,13669.696971999889,1221.303028000109,8422.30302800011,407.5655792677819,954.2642366828383,34940.09487872119,1.5,1.5,lead time 1 week
CA_1,2016-04-18,Rule of thumb,15342.0,13662.264458577734,1679.7355414222643,8429.735541422266,404.92623546123576,1363.0337178032055,34891.87422355663,1.5,1.5,lead time 1 week
CA_1,2016-05-02,Rule of thumb,16586.0,14444.702661714138,2141.297338285862,8674.797338285864,429.4008040887279,1610.8601823712654,37060.75458803077,1.5,1.5,lead time 1 week
CA_1,2016-05-09,Rule of thumb,17114.0,15097.962966454488,2016.0370335455104,8021.537033545509,411.78456402951105,1632.467362672874,38064.93779304788,1.5,1.5,lead time 1 week
CA_1,2016-05-16,Rule of thumb,16739.0,14950.515906025988,1788.484093974013,8168.984093974017,431.03960751850485,1341.8393490679186,37937.06643533471,1.5,1.5,lead time 1 week
CA_1,2016-05-30,Rule of thumb,17326.0,15461.395373414749,1864.604626585251,9288.229626585251,545.1390377978839,1264.726924648286,36437.24358647267,1.5,1.5,lead time 1 week
CA_1,2016-06-06,Rule of thumb,16447.0,14396.817135566402,2050.1828644336,10352.807864433602,623.8394065493654,1122.6889854228007,34340.309113240975,1.5,1.5,lead time 1 week
CA_1,2016-06-13,Rule of thumb,15703.0,14111.866139492093,1591.133860507905,10637.758860507902,625.2191022685308,1015.4581992457709,33530.492211846475,1.5,1.5,lead time 1 week
CA_2,2016-04-04,Rule of thumb,14026.0,12149.875,1876.125,6441.0,270.6719070626157,1669.791267775744,30660.41906071241,1.5,1.5,lead time 1 week
CA_2,2016-04-11,Rule of thumb,13354.0,12066.003727396714,1287.9962726032863,6871.496272603285,291.34474017897514,975.0710604865957,30636.250242573056,1.5,1.5,lead time 1 week
CA_2,2016-04-18,Rule of thumb,13787.0,12608.439179769965,1178.5608202300357,6329.060820230034,275.35470714316307,969.135359180547,31976.367335964744,1.5,1.5,lead time 1 week
CA_2,2016-05-02,Rule of thumb,14097.0,12565.77848193077,1531.2215180692306,8115.096518069231,414.7949603451317,1308.601677469956,31674.011491022495,1.5,1.5,lead time 1 week
CA_2,2016-05-09,Rule of thumb,14330.0,13027.722270498969,1302.27772950103,7653.152729501031,393.458742717228,1004.7334103672678,33548.53287070882,1.5,1.5,lead time 1 week
CA_2,2016-05-16,Rule of thumb,14992.0,13709.570232968765,1282.4297670312349,6971.304767031235,353.2709855315002,1100.1006965673814,34790.527643569025,1.5,1.5,lead time 1 week
CA_2,2016-05-30,Rule of thumb,16183.0,13778.957296261291,2404.0427037387103,7645.542703738711,443.01843934099054,1230.2104073268927,33768.48862859184,1.5,1.5,lead time 1 week
CA_2,2016-06-06,Rule of thumb,15360.0,12684.235056153568,2675.7649438464323,8740.264943846434,511.5152867334088,1249.219101226917,30440.19491002194,1.5,1.5,lead time 1 week
CA_2,2016-06-13,Rule of thumb,14503.0,12227.550491810247,2275.449508189752,9196.94950818975,533.9718434627168,1286.4266976304284,28851.276731508493,1.5,1.5,lead time 1 week
CA_3,2016-04-04,Rule of thumb,21877.0,19755.45868389245,2121.5413161075494,11890.41631610755,541.2906749892431,1853.8580863021452,47612.83867220754,1.5,1.5,lead time 1 week
CA_3,2016-04-11,Rule of thumb,20212.0,18816.157475566968,1395.8425244330297,12829.717524433028,586.7260147361796,1036.4471067863976,47313.784787171986,1.5,1.5,lead time 1 week
CA_3,2016-04-18,Rule of thumb,19207.0,18262.565028028817,944.4349719711853,13383.309971971186,593.6041564717391,779.1600717331521,45985.43539664864,1.5,1.5,lead time 1 week
CA_3,2016-05-02,Rule of thumb,19547.0,18008.960477048313,1538.0395229516866,12487.164522951687,605.9096092530015,1341.4698430290973,44984.30093237909,1.5,1.5,lead time 1 week
CA_3,2016-05-09,Rule of thumb,19934.0,18510.035405790317,1423.964594209682,11986.089594209683,577.8810338544815,1277.0017851472949,46588.88878308557,1.5,1.5,lead time 1 week
CA_3,2016-05-16,Rule of thumb,19252.0,17866.90800160678,1385.0919983932235,12629.216998393225,649.8724655366505,1050.9461355780943,43947.65616914451,1.5,1.5,lead time 1 week
CA_3,2016-05-30,Rule of thumb,21019.0,17828.31306144739,3190.686938552613,11184.311938552612,649.0801635448415,1850.8226394923563,42183.448323576966,1.5,1.5,lead time 1 week
CA_3,2016-06-06,Rule of thumb,21211.0,17259.78217447608,3951.217825523923,11752.842825523923,706.9362465966584,2152.257062095799,39586.64981009431,1.5,1.5,lead time 1 week
CA_3,2016-06-13,Rule of thumb,18399.0,15610.47871127115,2788.5212887288494,13402.14628872885,762.8058944735267,1646.469424432717,36581.14715585756,1.5,1.5,lead time 1 week
CA_4,2016-04-04,Rule of thumb,8100.0,7147.389358429532,952.6106415704681,4677.110641570468,224.85141095119326,854.6197912681384,18963.3873540656,1.5,1.5,lead time 1 week
CA_4,2016-04-11,Rule of thumb,7719.0,6858.498317460151,860.5016825398488,4966.001682539849,233.4058754494459,702.3501049013823,17978.635827564853,1.5,1.5,lead time 1 week
CA_4,2016-04-18,Rule of thumb,8561.0,7457.169862215878,1103.830137784122,4367.330137784123,198.40213095485677,879.0730093241021,19947.836598861693,1.5,1.5,lead time 1 week
CA_4,2016-05-02,Rule of thumb,8048.0,7085.98075727431,962.0192427256901,4977.01924272569,256.8056832129857,781.9959103903271,18840.594080441166,1.5,1.5,lead time 1 week
CA_4,2016-05-09,Rule of thumb,8671.0,7716.2590684881125,954.7409315118873,4346.7409315118875,238.61063942319066,741.2584002132695,20116.250078251043,1.5,1.5,lead time 1 week
CA_4,2016-05-16,Rule of thumb,8531.0,7596.9511466969825,934.0488533030177,4466.048853303017,254.04775911413086,673.1697848683441,19753.864990731985,1.5,1.5,lead time 1 week
CA_4,2016-05-30,Rule of thumb,8988.0,7675.304155548227,1312.6958444517734,4832.070844451773,282.94628683906456,858.8699543150856,19075.390128403043,1.5,1.5,lead time 1 week
CA_4,2016-06-06,Rule of thumb,8393.0,7104.9091521947485,1288.0908478052515,5402.4658478052515,325.8805638083104,815.6949451213682,17418.721143408464,1.5,1.5,lead time 1 week
CA_4,2016-06-13,Rule of thumb,8101.0,6856.191686360931,1244.808313639069,5651.183313639069,327.90185194280116,837.1661043347484,17080.583454985892,1.5,1.5,lead time 1 week
CA_1,2016-04-04,ML point,16078.0,14567.47476689093,1510.5252331090687,7524.525233109069,363.7355375593963,1068.7077432203755,36946.93224594237,1.6,1.5,lead time 1 week
CA_1,2016-04-11,ML point,14891.0,13806.714991430928,1084.2850085690711,8285.28500856907,403.16334222352924,842.1396986615032,35313.84333879231,1.6,1.5,lead time 1 week
CA_1,2016-04-18,ML point,15342.0,14047.466688254794,1294.533311745206,8044.533311745208,376.1121310510586,1056.4393205572062,35913.855547709965,1.6,1.5,lead time 1 week
CA_1,2016-05-02,ML point,16586.0,14855.84020190463,1730.1597980953702,8263.659798095368,418.2402606988197,1350.5452340479137,37928.47108244195,1.6,1.5,lead time 1 week
CA_1,2016-05-09,ML point,17114.0,15232.418896998359,1881.5811030016393,7887.0811030016375,416.84966315934037,1553.7042575577743,38327.48147676488,1.6,1.5,lead time 1 week
CA_1,2016-05-16,ML point,16739.0,15053.624452782224,1685.3755472177759,8065.875547217776,429.50506283312035,1156.1258616607197,38556.111393358704,1.6,1.5,lead time 1 week
CA_1,2016-05-30,ML point,17326.0,15480.855770216815,1845.1442297831843,9268.769229783184,546.6826676728165,1302.0272827414913,36312.909059495316,1.6,1.5,lead time 1 week
CA_1,2016-06-06,ML point,16447.0,14430.843120194679,2016.1568798053208,10318.78187980532,620.9840510046896,1454.6824175195138,33233.66433958526,1.6,1.5,lead time 1 week
CA_1,2016-06-13,ML point,15703.0,13981.36379167097,1721.6362083290292,10768.26120832903,602.6058984434544,1168.4198446479668,33020.620060505826,1.6,1.5,lead time 1 week
CA_2,2016-04-04,ML point,14026.0,12577.400540769228,1448.5994592307725,6360.0994592307725,285.28107805903176,1295.6877325630521,31907.430844754723,1.6,1.5,lead time 1 week
CA_2,2016-04-11,ML point,13354.0,12139.653944652375,1214.3460553476252,6782.892063727697,312.1537482233117,886.9801577006469,30929.886585192886,1.6,1.5,lead time 1 week
CA_2,2016-04-18,ML point,13787.0,12760.34647293169,1026.6535270683103,6177.153527068311,287.8449688535965,842.3352033336073,32399.034522121212,1.6,1.5,lead time 1 week
CA_2,2016-05-02,ML point,14097.0,12748.995533108005,1348.0044668919936,7931.879466891994,394.6943850876844,1167.7365729065164,32143.561839567294,1.6,1.5,lead time 1 week
CA_2,2016-05-09,ML point,14330.0,13193.635805749776,1136.3641942502245,7487.239194250224,381.7132581632353,936.2477523616478,33776.81839739422,1.6,1.5,lead time 1 week
CA_2,2016-05-16,ML point,14992.0,13717.192920703066,1274.8070792969338,6963.682079296936,351.50544078725227,1105.1407551909526,34773.72744815712,1.6,1.5,lead time 1 week
CA_2,2016-05-30,ML point,16183.0,13861.377888565581,2321.622111434419,7563.122111434417,428.48969486186496,1328.3900434071534,33441.22317499098,1.6,1.5,lead time 1 week
CA_2,2016-06-06,ML point,15360.0,13160.800778110844,2199.199221889156,8263.699221889156,475.5323108827074,1340.176568656635,30137.003351922875,1.6,1.5,lead time 1 week
CA_2,2016-06-13,ML point,14503.0,12432.82199192221,2070.1780080777908,8991.67800807779,496.78137370416584,1384.3606039071565,28524.830377252736,1.6,1.5,lead time 1 week
CA_3,2016-04-04,ML point,21877.0,20320.726891596718,1556.273108403281,11325.148108403282,572.0324806122251,1226.0809662225192,49705.42907247295,1.6,1.5,lead time 1 week
CA_3,2016-04-11,ML point,20212.0,19429.035197989953,782.964802010046,12216.83980201005,594.1187710475673,558.7006880918151,48906.272849487264,1.6,1.5,lead time 1 week
CA_3,2016-04-18,ML point,19207.0,18422.437485721937,784.562514278063,13223.43751427806,621.7272386901027,660.7875634008024,46380.01042442314,1.6,1.5,lead time 1 week
CA_3,2016-05-02,ML point,19547.0,18305.72617397114,1241.2738260288615,12190.39882602886,598.7431636964229,1069.676606630233,45890.278387041966,1.6,1.5,lead time 1 week
CA_3,2016-05-09,ML point,19934.0,18823.345919653897,1110.6540803461048,11672.779080346107,590.1082238383678,992.9345257956575,47535.77964759102,1.6,1.5,lead time 1 week
CA_3,2016-05-16,ML point,19252.0,18293.615766856205,958.3842331437952,12202.509233143797,657.7388977880872,697.2563468416271,45126.622131599404,1.6,1.5,lead time 1 week
CA_3,2016-05-30,ML point,21019.0,18164.576014256025,2854.4239857439734,10848.048985743975,622.8227593441802,1628.6973091388786,42923.86609142189,1.6,1.5,lead time 1 week
CA_3,2016-06-06,ML point,21211.0,17492.83091948555,3718.16908051445,11519.79408051445,687.7284764440476,2575.110564337692,38177.138135954665,1.6,1.5,lead time 1 week
CA_3,2016-06-13,ML point,18399.0,15936.122059922778,2462.8779400772223,13076.50294007722,730.4278927247067,1623.3928901559148,36658.068936780226,1.6,1.5,lead time 1 week
CA_4,2016-04-04,ML point,8100.0,7267.31396714287,832.6860328571299,4557.186032857129,215.42440915125508,779.7281941861329,19213.026011005615,1.6,1.5,lead time 1 week
CA_4,2016-04-11,ML point,7719.0,6979.766045447991,739.2339545520088,4844.73395455201,225.4990910444825,609.3790861342304,18288.53922345536,1.6,1.5,lead time 1 week
CA_4,2016-04-18,ML point,8561.0,7599.464529548362,961.5354704516371,4225.035470451637,192.93391312452263,759.0120515250135,20348.03979152532,1.6,1.5,lead time 1 week
CA_4,2016-05-02,ML point,8048.0,7225.457217298621,822.5427827013793,4837.542782701379,245.94859848158404,731.172935662956,19010.00399619907,1.6,1.5,lead time 1 week
CA_4,2016-05-09,ML point,8671.0,7805.686412861377,865.3135871386228,4257.313587138623,226.20853692413638,655.5345400608486,20401.996278759114,1.6,1.5,lead time 1 week
CA_4,2016-05-16,ML point,8531.0,7693.492509974072,837.5074900259283,4369.507490025928,243.66230154883488,568.7138332452523,20102.05149614229,1.6,1.5,lead time 1 week
CA_4,2016-05-30,ML point,8988.0,7607.498101203544,1380.5018987964556,4899.876898796454,282.5372083904589,935.699752259394,18819.290801922012,1.6,1.5,lead time 1 week
CA_4,2016-06-06,ML point,8393.0,7324.303801914792,1068.696198085207,5183.071198085207,307.4514822110709,796.5894027505791,17482.40628464443,1.6,1.5,lead time 1 week
CA_4,2016-06-13,ML point,8101.0,7030.209457890775,1070.7905421092241,5477.165542109224,312.25778077814164,797.5934174778159,17212.49241117567,1.6,1.5,lead time 1 week
CA_1,2016-04-04,ML newsvendor,16078.0,14536.139975798493,1541.860024201507,7555.860024201505,373.0249557810295,1092.5136970835174,36867.57906639857,,1.5,lead time 1 week
CA_1,2016-04-11,ML newsvendor,14891.0,13924.42985639233,966.5701436076695,8167.570143607667,404.78240586299705,793.7185222078997,35475.24726030432,,1.5,lead time 1 week
CA_1,2016-04-18,ML newsvendor,15342.0,14125.908037993355,1216.091962006647,7966.091962006645,373.9896680041698,918.962346712239,36372.11212719319,,1.5,lead time 1 week
CA_1,2016-05-02,ML newsvendor,16586.0,15160.636834442212,1425.3631655577876,7958.863165557788,400.21878601518387,1104.5393391384123,38748.49073214029,,1.5,lead time 1 week
CA_1,2016-05-09,ML newsvendor,17114.0,15234.327475969523,1879.6725240304772,7885.172524030476,412.09548725415743,1579.7911999920302,38240.52500198403,,1.5,lead time 1 week
CA_1,2016-05-16,ML newsvendor,16739.0,15109.64942054987,1629.350579450132,7969.219297361341,425.5721530562786,1110.105539691978,38709.51246658785,,1.5,lead time 1 week
CA_1,2016-05-30,ML newsvendor,17326.0,15260.339238477325,2065.6607615226767,9489.285761522679,561.0902006582896,1446.6427879835046,35830.85737535527,,1.5,lead time 1 week
CA_1,2016-06-06,ML newsvendor,16447.0,14337.08852757117,2109.9114724288306,10412.536472428834,631.4893187418278,1342.0690797210582,33609.04213224678,,1.5,lead time 1 week
CA_1,2016-06-13,ML newsvendor,15703.0,13891.045250878007,1811.9547491219917,10858.579749121991,620.2796503194522,1145.067016726364,33098.462820244495,,1.5,lead time 1 week
CA_2,2016-04-04,ML newsvendor,14026.0,12554.173849231225,1471.826150768774,6383.326150768775,287.2984274376914,1254.3381539320335,32045.26277352478,,1.5,lead time 1 week
CA_2,2016-04-11,ML newsvendor,13354.0,12187.057260935648,1166.9427390643536,6659.88505478638,301.55134801321054,859.5687900069532,31021.257810838535,,1.5,lead time 1 week
CA_2,2016-04-18,ML newsvendor,13787.0,12616.5791492621,1170.4208507378985,6308.665902074639,288.4197477642934,884.2369196399968,32259.362134433242,,1.5,lead time 1 week
CA_2,2016-05-02,ML newsvendor,14097.0,12961.292645375946,1135.707354624055,7719.582354624057,390.1090624118258,990.0181096776997,32735.95671699668,,1.5,lead time 1 week
CA_2,2016-05-09,ML newsvendor,14330.0,13272.897545985434,1057.1024540145668,7407.977454014568,379.67696150477013,856.6503769353288,34042.14298214861,,1.5,lead time 1 week
CA_2,2016-05-16,ML newsvendor,14992.0,13851.967790905874,1140.0322090941272,6789.824747099903,348.22035592610666,952.6963772122327,35281.87537475285,,1.5,lead time 1 week
CA_2,2016-05-30,ML newsvendor,16183.0,13845.913227887173,2337.086772112827,7578.586772112826,431.75257994373186,1432.9178273189364,33092.797228618365,,1.5,lead time 1 week
CA_2,2016-06-06,ML newsvendor,15360.0,13092.447430366936,2267.552569633064,8332.052569633064,490.14140729821617,1255.4656320944694,30419.37314046343,,1.5,lead time 1 week
CA_2,2016-06-13,ML newsvendor,14503.0,12604.475671657612,1898.5243283423868,8820.024328342388,506.02937259765383,1227.9415469494897,29046.227233778292,,1.5,lead time 1 week
CA_3,2016-04-04,ML newsvendor,21877.0,20356.950797484013,1520.0492025159888,11288.924202515987,561.5388921347715,1184.0693385818813,49845.46783127508,,1.5,lead time 1 week
CA_3,2016-04-11,ML newsvendor,20212.0,19327.936140859216,884.0638591407875,12279.279786164338,595.9261297798373,676.0741902588404,48515.02784226385,,1.5,lead time 1 week
CA_3,2016-04-18,ML newsvendor,19207.0,18478.811868095774,728.1881319042263,13167.063131904226,608.0759783537984,625.6692202574491,46497.071568234314,,1.5,lead time 1 week
CA_3,2016-05-02,ML newsvendor,19547.0,18562.233975830244,984.7660241697566,11933.891024169756,574.8926836874158,813.3194173906238,46744.802351173996,,1.5,lead time 1 week
CA_3,2016-05-09,ML newsvendor,19934.0,18984.66577550558,949.334224494421,11511.459224494422,570.2015242061266,956.3383109961327,47657.7670302561,,1.5,lead time 1 week
CA_3,2016-05-16,ML newsvendor,19252.0,18112.123315675155,1139.8766843248454,12289.071136508253,651.5573481873112,725.7614279166341,45031.60519468272,,1.5,lead time 1 week
CA_3,2016-05-30,ML newsvendor,21019.0,17788.50162003617,3230.4983799638294,11224.123379963832,639.7097339002374,2000.1724580652638,41685.61559500061,,1.5,lead time 1 week
CA_3,2016-06-06,ML newsvendor,21211.0,17420.11169471459,3790.888305285408,11592.513305285409,689.541707734551,2416.19053003564,38706.87158362818,,1.5,lead time 1 week
CA_3,2016-06-13,ML newsvendor,18399.0,16121.953969700258,2277.046030299741,12890.671030299742,726.5331426141095,1357.6371774299348,37543.92131253349,,1.5,lead time 1 week
CA_4,2016-04-04,ML newsvendor,8100.0,7141.734344939011,958.2656550609893,4682.76565506099,216.91018427394692,848.5487050478341,18983.624308133276,,1.5,lead time 1 week
CA_4,2016-04-11,ML newsvendor,7719.0,6931.761250610323,787.2387493896764,4892.738749389675,224.17575746469055,647.2921013365524,18162.162506114284,,1.5,lead time 1 week
CA_4,2016-04-18,ML newsvendor,8561.0,7405.291081524382,1155.7089184756178,4419.208918475618,199.448137223914,940.6681592464296,19742.519432453933,,1.5,lead time 1 week
CA_4,2016-05-02,ML newsvendor,8048.0,7294.656373905327,753.3436260946733,4768.343626094672,229.49247595970365,612.813219897314,19404.53638208454,,1.5,lead time 1 week
CA_4,2016-05-09,ML newsvendor,8671.0,7639.676368917757,1031.3236310822422,4423.323631082242,220.49802476905643,787.4755000696128,19962.193078729895,,1.5,lead time 1 week
CA_4,2016-05-16,ML newsvendor,8531.0,7630.090848736816,900.9091512631835,4432.909151263184,230.53709202010162,588.4592639308044,20036.233393857117,,1.5,lead time 1 week
CA_4,2016-05-30,ML newsvendor,8988.0,7463.517355537791,1524.4826444622083,5043.857644462209,276.2514603738862,1024.267709603035,18524.064277443213,,1.5,lead time 1 week
CA_4,2016-06-06,ML newsvendor,8393.0,7188.9204803776065,1204.0795196223935,5318.4545196223935,310.82087570652476,847.9221566912762,17311.297104842102,,1.5,lead time 1 week
CA_4,2016-06-13,ML newsvendor,8101.0,6987.037079980454,1113.9629200195457,5520.337920019548,318.3422008704093,824.6142422203561,17122.422995367204,,1.5,lead time 1 week
CA_1,2016-04-04,ML + LP,16078.0,14645.142393730814,1432.8576062691882,7446.85760626919,418.59469055488137,876.1379252504335,37588.83163917551,,1.5,lead time 1 week
CA_1,2016-04-11,ML + LP,14891.0,13879.648139818859,1011.351860181141,8212.351860181137,461.0745343568812,681.8698134808681,35848.07628939442,,1.5,lead time 1 week
CA_1,2016-04-18,ML + LP,15342.0,14118.293049253938,1223.7069507460628,7973.706950746065,427.83970550407946,866.8363850589352,36545.8653327042,,1.5,lead time 1 week
CA_1,2016-05-02,ML + LP,16586.0,15142.27551204149,1443.7244879585096,7977.22448795851,452.65314934057403,954.837198288099,39247.497868308004,,1.5,lead time 1 week
CA_1,2016-05-09,ML + LP,17114.0,15257.020960912618,1856.9790390873814,7862.479039087381,464.371509911193,1400.4718200651128,38838.25626840709,,1.5,lead time 1 week
CA_1,2016-05-16,ML + LP,16739.0,14990.507736646934,1748.4922633530646,8051.827300947606,482.8777253907814,1072.0055377616075,38836.512473022405,,1.5,lead time 1 week
CA_1,2016-05-30,ML + LP,17326.0,15087.663037092416,2238.336962907586,9661.961962907582,611.7117690433245,1281.1847498487932,36382.384169137644,,1.5,lead time 1 week
CA_1,2016-06-06,ML + LP,16447.0,14151.337789146652,2295.6622108533475,10598.287210853348,675.2427409215168,1252.2322505475972,33908.498229491655,,1.5,lead time 1 week
CA_1,2016-06-13,ML + LP,15703.0,13949.734014433014,1753.2659855669863,10799.890985566988,657.536238865613,985.6932949549584,33629.70855948252,,1.5,lead time 1 week
CA_2,2016-04-04,ML + LP,14026.0,12606.071680148782,1419.9283198512185,6331.4283198512185,326.21125944280675,1098.0596482923154,32566.191125657177,,1.5,lead time 1 week
CA_2,2016-04-11,ML + LP,13354.0,12154.897341946344,1199.1026580536554,6632.833058256631,345.3115927803717,782.6636310638016,31277.608340649036,,1.5,lead time 1 week
CA_2,2016-04-18,ML + LP,13787.0,12717.120225569863,1069.879774430138,6195.292959813002,331.691426463331,692.5203421436551,32898.41739275439,,1.5,lead time 1 week
CA_2,2016-05-02,ML + LP,14097.0,12950.931111807435,1146.0688881925657,7729.943888192569,424.6539784565333,898.0794937827586,33042.41876997982,,1.5,lead time 1 week
CA_2,2016-05-09,ML + LP,14330.0,13291.545563255533,1038.4544367444673,7389.329436744465,418.1859012717928,772.0536618258566,34324.13203251352,,1.5,lead time 1 week
CA_2,2016-05-16,ML + LP,14992.0,13797.20532407657,1194.7946759234294,6757.699638310531,387.52300233975535,891.8504894641742,35484.69500057972,,1.5,lead time 1 week
CA_2,2016-05-30,ML + LP,16183.0,13808.788942949674,2374.2110570503273,7615.711057050326,477.89085288874935,1267.4299988891667,33644.42332338426,,1.5,lead time 1 week
CA_2,2016-06-06,ML + LP,15360.0,12902.769122008352,2457.230877991648,8521.730877991648,530.3744851388574,1075.5484240314177,31019.097167340267,,1.5,lead time 1 week
CA_2,2016-06-13,ML + LP,14503.0,12413.095003349592,2089.904996650407,9011.404996650406,536.161148284544,1151.5467003198528,29300.876722543748,,1.5,lead time 1 week
CA_3,2016-04-04,ML + LP,21877.0,20495.74895355336,1381.251046446639,11150.126046446641,616.2096211515329,996.0203411655558,50472.29782266283,,1.5,lead time 1 week
CA_3,2016-04-11,ML + LP,20212.0,19277.144491768555,934.8555082314434,12368.730508231443,618.1600591381676,701.4366006780209,48430.48647419991,,1.5,lead time 1 week
CA_3,2016-04-18,ML + LP,19207.0,18552.806379421785,654.1936205782133,13093.068620578217,654.9390679154455,469.7873111393094,47016.67793196145,,1.5,lead time 1 week
CA_3,2016-05-02,ML + LP,19547.0,18580.05886058248,966.9411394175193,11916.066139417519,634.5848885555974,687.3064492880186,47164.84557818268,,1.5,lead time 1 week
CA_3,2016-05-09,ML + LP,19934.0,18999.82284027963,934.1771597203715,11496.302159720373,607.6933821740088,862.5571311644521,47970.37096302838,,1.5,lead time 1 week
CA_3,2016-05-16,ML + LP,19252.0,18182.764873881337,1069.2351261186632,12313.360126118663,674.3790245276653,695.6751784327593,45131.8926929623,,1.5,lead time 1 week
CA_3,2016-05-30,ML + LP,21019.0,17887.63539640728,3131.3646035927177,11124.989603592718,699.8559505295432,1751.582728680655,42514.24802628264,,1.5,lead time 1 week
CA_3,2016-06-06,ML + LP,21211.0,17449.398224955454,3761.6017750445444,11563.226775044548,738.9280463977484,1980.832825301621,40158.06393274157,,1.5,lead time 1 week
CA_3,2016-06-13,ML + LP,18399.0,16121.32185492035,2277.6781450796498,12891.30314507965,767.7123201183426,1231.1580512451656,37965.51839981606,,1.5,lead time 1 week
CA_4,2016-04-04,ML + LP,8100.0,7242.266110010001,857.7338899899983,4582.233889989997,241.57642488650117,679.8583418384023,19545.925518831384,,1.5,lead time 1 week
CA_4,2016-04-11,ML + LP,7719.0,6966.0182803260905,752.9817196739093,4858.4817196739095,256.4774137592401,514.4954224633664,18604.818102358237,,1.5,lead time 1 week
CA_4,2016-04-18,ML + LP,8561.0,7518.128271301858,1042.8717286981414,4306.37172869814,222.94899965309799,714.4085697908033,20496.718063972687,,1.5,lead time 1 week
CA_4,2016-05-02,ML + LP,8048.0,7350.9562588898225,697.0437411101775,4712.043741110177,267.54048411780093,497.80123414514725,19787.909667925094,,1.5,lead time 1 week
CA_4,2016-05-09,ML + LP,8671.0,7693.33933422243,977.6606657775698,4369.66066577757,259.4796997257371,642.4428065408413,20445.63539049247,,1.5,lead time 1 week
CA_4,2016-05-16,ML + LP,8531.0,7674.247014291714,856.752985708286,4388.752985708286,274.8601855185377,515.5235607179319,20279.352404566693,,1.5,lead time 1 week
CA_4,2016-05-30,ML + LP,8988.0,7529.05271302763,1458.9472869723706,4978.32228697237,310.90951799078016,876.8442696394657,19015.47574398844,,1.5,lead time 1 week
CA_4,2016-06-06,ML + LP,8393.0,7246.52736867883,1146.4726313211704,5260.84763132117,333.4399419712161,650.6177546876942,17968.978444854045,,1.5,lead time 1 week
CA_4,2016-06-13,ML + LP,8101.0,6956.466149358115,1144.5338506418848,5550.908850641884,340.79359441330666,710.476985488164,17502.88051780784,,1.5,lead time 1 week
CA_1,2016-04-04,Rule of thumb,16078.0,14838.7,1239.3,11725.95,572.0591960761548,882.0672467787775,37569.06723408103,1.8,inf,lead time 1 week
CA_1,2016-04-11,Rule of thumb,14891.0,14095.85,795.15,13052.500000000002,639.9674793819445,601.1677506530285,36117.083165487216,1.8,inf,lead time 1 week
CA_1,2016-04-18,Rule of thumb,15342.0,14236.1,1105.8999999999999,15279.000000000002,746.9012795083523,901.6238991129397,36429.90695252419,1.8,inf,lead time 1 week
CA_1,2016-05-02,Rule of thumb,16586.0,14853.35,1732.65,13511.7,677.1489075882946,1285.7416100953305,38144.4831622839,1.8,inf,lead time 1 week
CA_1,2016-05-09,Rule of thumb,17114.0,15645.8,1468.1999999999998,12918.45,660.2117750631571,1226.1855029618741,39419.21065875121,1.8,inf,lead time 1 week
CA_1,2016-05-16,Rule of thumb,16739.0,15512.350000000002,1226.6499999999999,13005.45,681.8792733592988,923.20230330348,39332.52325454951,1.8,inf,lead time 1 week
CA_1,2016-05-30,Rule of thumb,17326.0,16152.55,1173.45,14393.150000000001,805.1903790355922,751.385102072954,38148.38299505711,1.8,inf,lead time 1 week
CA_1,2016-06-06,Rule of thumb,16447.0,15179.849999999999,1267.15,15329.500000000002,890.0485924393449,666.5163008773327,35860.88472839253,1.8,inf,lead time 1 week
CA_1,2016-06-13,Rule of thumb,15703.0,14815.1,887.8999999999999,17935.85,994.9456409682547,586.2287995755672,34961.25687741382,1.8,inf,lead time 1 week
CA_2,2016-04-04,Rule of thumb,14026.0,12553.95,1472.05,9454.350000000002,410.6451025284018,1329.3054860465013,31795.371666476556,1.8,inf,lead time 1 week
CA_2,2016-04-11,Rule of thumb,13354.0,12550.2,803.8,11053.5,493.2298876069103,593.8581862265722,31906.9598234398,1.8,inf,lead time 1 week
CA_2,2016-04-18,Rule of thumb,13787.0,13245.8,541.1999999999999,11716.2,541.759331691214,447.11406582738664,33716.43831380861,1.8,inf,lead time 1 week
CA_2,2016-05-02,Rule of thumb,14097.0,13002.849999999999,1094.1499999999999,12362.150000000001,627.757091211915,918.4942073535918,32974.36972474371,1.8,inf,lead time 1 week
CA_2,2016-05-09,Rule of thumb,14330.0,13497.3,832.6999999999999,12186.4,624.257498293468,658.3053029108047,34703.293228897026,1.8,inf,lead time 1 week
CA_2,2016-05-16,Rule of thumb,14992.0,14171.55,820.45,11329.050000000001,573.7665621322905,724.3845025277137,36042.91495703458,1.8,inf,lead time 1 week
CA_2,2016-05-30,Rule of thumb,16183.0,14335.15,1847.85,11098.4,624.2353147274767,857.3677526423334,35011.29747754037,1.8,inf,lead time 1 week
CA_2,2016-06-06,Rule of thumb,15360.0,13428.900000000001,1931.1000000000001,13147.1,744.5409622935483,786.7795511215925,31981.660077039684,1.8,inf,lead time 1 week
CA_2,2016-06-13,Rule of thumb,14503.0,13047.55,1455.4499999999998,16297.900000000001,893.3933550234524,781.5003651556798,30534.364506424325,1.8,inf,lead time 1 week
CA_3,2016-04-04,Rule of thumb,21877.0,20410.1,1466.9,19207.0,883.2846008817811,1271.9900791262726,49552.3986961271,1.8,inf,lead time 1 week
CA_3,2016-04-11,Rule of thumb,20212.0,19365.100000000002,846.8999999999999,18860.350000000002,874.3760645812752,590.0225558214527,48801.866623721806,1.8,inf,lead time 1 week
CA_3,2016-04-18,Rule of thumb,19207.0,18702.200000000004,504.7999999999999,22156.2,1012.4337403603282,402.6689998269081,47240.40563633612,1.8,inf,lead time 1 week
CA_3,2016-05-02,Rule of thumb,19547.0,18460.8,1086.2,20283.050000000003,988.2029021443469,958.5879015423569,46260.57407066822,1.8,inf,lead time 1 week
CA_3,2016-05-09,Rule of thumb,19934.0,19067.449999999997,866.55,19073.35,923.1286003460885,794.0853466039896,48198.61024489658,1.8,inf,lead time 1 week
CA_3,2016-05-16,Rule of thumb,19252.0,18343.35,908.6499999999999,18053.2,920.3165476151705,727.8951035535335,45024.49294255972,1.8,inf,lead time 1 week
CA_3,2016-05-30,Rule of thumb,21019.0,18680.300000000003,2338.7,16574.850000000006,924.6203788536787,1203.1097599329266,44342.49125544173,1.8,inf,lead time 1 week
CA_3,2016-06-06,Rule of thumb,21211.0,18028.75,3182.25,17935.200000000004,1016.3184878313541,1623.682803364992,41348.56400586367,1.8,inf,lead time 1 week
CA_3,2016-06-13,Rule of thumb,18399.0,16454.95,1944.0499999999997,22293.65,1196.9299536418916,1085.1825025856494,38452.10356201445,1.8,inf,lead time 1 week
CA_4,2016-04-04,Rule of thumb,8100.0,7448.700000000001,651.3,7195.5,352.80943661398555,607.1530961857948,19788.276337673407,1.8,inf,lead time 1 week
CA_4,2016-04-11,Rule of thumb,7719.0,7143.349999999999,575.65,7601.15,366.82893698915416,479.50680103719225,18721.446840445486,1.8,inf,lead time 1 week
CA_4,2016-04-18,Rule of thumb,8561.0,7981.75,579.25,7745.6,372.6639604303326,456.13739944338795,21357.621965130736,1.8,inf,lead time 1 week
CA_4,2016-05-02,Rule of thumb,8048.0,7355.5,692.5,7348.35,382.7814459677935,578.7081005787849,19518.220113146308,1.8,inf,lead time 1 week
CA_4,2016-05-09,Rule of thumb,8671.0,8134.8,536.1999999999999,7389.55,403.55969995587213,421.9788023757934,21180.51540437596,1.8,inf,lead time 1 week
CA_4,2016-05-16,Rule of thumb,8531.0,7955.650000000001,575.3499999999999,6987.400000000001,391.1109852727567,417.9279650568111,20604.67105677043,1.8,inf,lead time 1 week
CA_4,2016-05-30,Rule of thumb,8988.0,8161.2,826.8,6937.3,398.3772599600554,550.3947003284096,20103.640975025297,1.8,inf,lead time 1 week
CA_4,2016-06-06,Rule of thumb,8393.0,7497.75,895.25,7995.05,465.4242293006523,515.599800606966,18419.038291789802,1.8,inf,lead time 1 week
CA_4,2016-06-13,Rule of thumb,8101.0,7317.4,783.6,9784.449999999999,535.461451955344,488.5713007986545,18242.56613343954,1.8,inf,lead time 1 week
CA_1,2016-04-04,ML point,16078.0,15317.678564889336,760.3214351106624,13508.64172382104,666.5902924296072,510.5352247034915,38807.50730766532,1.8,inf,lead time 1 week
CA_1,2016-04-11,ML point,14891.0,14184.666684613625,706.3333153863762,12742.453697522562,625.9282151927531,549.7864900275877,36288.35403423869,1.8,inf,lead time 1 week
CA_1,2016-04-18,ML point,15342.0,14500.990496990911,841.0095030090897,14033.637037234092,672.4911905873713,660.0655463156615,37235.10146184845,1.8,inf,lead time 1 week
CA_1,2016-05-02,ML point,16586.0,15399.086563621153,1186.9134363788473,14289.51449421129,725.505908848312,882.6637266059047,39488.07610724865,1.8,inf,lead time 1 week
CA_1,2016-05-09,ML point,17114.0,15885.43809098194,1228.5619090180617,12994.465043817825,677.912811481533,1076.0083441083566,39919.801188262936,1.8,inf,lead time 1 week
CA_1,2016-05-16,ML point,16739.0,15525.137476219868,1213.8625237801311,12439.177158922148,653.0519749069811,751.4088683910536,39905.16803759093,1.8,inf,lead time 1 week
CA_1,2016-05-30,ML point,17326.0,16302.692617889998,1023.3073821100021,14732.03761928831,827.0432145037003,718.2923363178788,38258.69221424069,1.8,inf,lead time 1 week
CA_1,2016-06-06,ML point,16447.0,15592.20924491997,854.7907550800301,16387.31233451474,927.8347753847131,650.0026072997672,35915.930373651085,1.8,inf,lead time 1 week
CA_1,2016-06-13,ML point,15703.0,15021.600814916615,681.3991850833839,18874.50217574664,986.2280304294837,498.55584987778946,35253.50004307308,1.8,inf,lead time 1 week
CA_2,2016-04-04,ML point,14026.0,13004.125411615269,1021.8745883847312,10297.163555399846,469.6344093687577,919.2221387933982,33162.31615732024,1.8,inf,lead time 1 week
CA_2,2016-04-11,ML point,13354.0,12531.46850731374,822.5314926862603,10389.758483547657,488.11958487723984,590.2421268646515,31919.01335464621,1.8,inf,lead time 1 week
CA_2,2016-04-18,ML point,13787.0,13236.061438811614,550.9385611883874,10295.796309746875,490.556761424975,452.11285140710004,33699.775695209566,1.8,inf,lead time 1 week
CA_2,2016-05-02,ML point,14097.0,13179.6299584039,917.3700415960983,12082.678475434986,602.4165724193917,800.9127630528803,33366.30787241275,1.8,inf,lead time 1 week
CA_2,2016-05-09,ML point,14330.0,13582.517827143474,747.4821728565266,11449.09466829755,582.9130060709924,617.0462981807775,34840.823244663785,1.8,inf,lead time 1 week
CA_2,2016-05-16,ML point,14992.0,14130.514661560363,861.485338439637,10379.792338450283,522.9426062384028,777.0525989018599,35867.35463578743,1.8,inf,lead time 1 week
CA_2,2016-05-30,ML point,16183.0,14866.120255730588,1316.87974426941,12188.173779324115,668.5345603652478,664.4632278968828,35654.31256002521,1.8,inf,lead time 1 week
CA_2,2016-06-06,ML point,15360.0,14321.92660505063,1038.0733949493697,15013.855244529339,804.4021686512178,535.8715295860798,32818.020148824726,1.8,inf,lead time 1 week
CA_2,2016-06-13,ML point,14503.0,13646.138367274292,856.861632725708,18258.917941347958,928.8024191226622,581.553156192777,31200.855202967337,1.8,inf,lead time 1 week
CA_3,2016-04-04,ML point,21877.0,20989.81285961018,887.1871403898181,20634.49308235306,1029.8033910398628,680.4166795662563,51524.31002799382,1.8,inf,lead time 1 week
CA_3,2016-04-11,ML point,20212.0,19696.360701179237,515.6392988207642,16513.635121657,800.7003020113201,383.24087265603373,49491.13890093987,1.8,inf,lead time 1 week
CA_3,2016-04-18,ML point,19207.0,18755.680081245853,451.31991875414633,19142.448800375074,905.0981261440775,368.1711454959692,47355.39848410592,1.8,inf,lead time 1 week
CA_3,2016-05-02,ML point,19547.0,18788.735718884876,758.2642811151234,20820.154651601464,1025.4008628972736,657.7904465473857,47263.23225398479,1.8,inf,lead time 1 week
CA_3,2016-05-09,ML point,19934.0,19220.19846444758,713.8015355524192,17849.3839374466,895.1901510795407,627.2767054293672,48754.63904881199,1.8,inf,lead time 1 week
CA_3,2016-05-16,ML point,19252.0,18656.165205834033,595.834794165967,16214.79549662709,860.6860614255125,458.53495001778913,45922.3601210122,1.8,inf,lead time 1 week
CA_3,2016-05-30,ML point,21019.0,19790.30286394865,1228.6971360513487,17594.904505685747,977.9752086806112,691.3401622898767,46048.3899142519,1.8,inf,lead time 1 week
CA_3,2016-06-06,ML point,21211.0,19402.17463947723,1808.8253605227696,20423.61547411057,1128.6778564383094,1372.1677349269517,42186.947567323805,1.8,inf,lead time 1 week
CA_3,2016-06-13,ML point,18399.0,17180.999857794577,1218.0001422054202,23920.454220523057,1247.0645475942006,820.3309589972597,39334.9420406424,1.8,inf,lead time 1 week
CA_4,2016-04-04,ML point,8100.0,7669.265164664782,430.73483533521835,7677.147665338593,373.1445086076179,440.0615317535636,20345.24821911418,1.8,inf,lead time 1 week
CA_4,2016-04-11,ML point,7719.0,7296.011045707997,422.98895429200286,7746.516923290654,372.4506275231416,344.8612117050063,19170.265471552775,1.8,inf,lead time 1 week
CA_4,2016-04-18,ML point,8561.0,8108.295659401166,452.70434059883434,7574.066875020225,366.382337931551,338.41554126353424,21750.028159063586,1.8,inf,lead time 1 week
CA_4,2016-05-02,ML point,8048.0,7578.327668864571,469.67233113542954,7812.942003242801,399.6610641227692,423.9249946309989,20034.163799638925,1.8,inf,lead time 1 week
CA_4,2016-05-09,ML point,8671.0,8185.550938569315,485.4490614306849,7148.595157831617,379.7190055160366,381.60815445850915,21315.084230766908,1.8,inf,lead time 1 week
CA_4,2016-05-16,ML point,8531.0,7993.011323623729,537.9886763762704,6590.329560113494,364.3517785608643,346.2892586875165,20843.466744668076,1.8,inf,lead time 1 week
CA_4,2016-05-30,ML point,8988.0,8155.294657119684,832.7053428803154,7462.265605816273,422.2790828984813,573.0647090626697,20028.07427924443,1.8,inf,lead time 1 week
CA_4,2016-06-06,ML point,8393.0,7928.281461464534,464.7185385354664,8473.918735164565,477.97327688486763,352.84638789184436,18961.549667506875,1.8,inf,lead time 1 week
CA_4,2016-06-13,ML point,8101.0,7630.196754248172,470.80324575182834,9974.696653204232,531.6863653773967,358.0125630409486,18677.761925965227,1.8,inf,lead time 1 week
CA_1,2016-04-04,ML newsvendor,16078.0,15213.509788317879,864.4902116821205,10982.161951418377,545.0380042996546,561.8231396576117,38636.54759115158,,inf,lead time 1 week
CA_1,2016-04-11,ML newsvendor,14891.0,14155.819673977248,735.1803260227516,10411.83210524989,516.3876686484319,614.9164824331506,36071.25405955348,,inf,lead time 1 week
CA_1,2016-04-18,ML newsvendor,15342.0,14474.190709253851,867.8092907461481,11292.70019901469,541.2071096750614,644.0493354748195,37288.48883131792,,inf,lead time 1 week
CA_1,2016-05-02,ML newsvendor,16586.0,15569.882788172099,1016.1172118279001,10945.223121389721,550.7665488739834,760.060877957029,39896.75226941157,,inf,lead time 1 week
CA_1,2016-05-09,ML newsvendor,17114.0,15820.623432153709,1293.3765678462923,10280.018257129184,534.1882699842555,1151.638243427924,39667.70152386438,,inf,lead time 1 week
CA_1,2016-05-16,ML newsvendor,16739.0,15353.688952566943,1385.311047433058,9848.301854073337,523.7019682197285,934.1675834072366,39295.972320870314,,inf,lead time 1 week
CA_1,2016-05-30,ML newsvendor,17326.0,16018.104017064921,1307.8959829350795,11402.621000422456,660.9396209281008,906.6255645893509,37630.91478666912,,inf,lead time 1 week
CA_1,2016-06-06,ML newsvendor,16447.0,15173.458097341718,1273.5419026582822,13019.071466874811,767.8412072493168,784.8342009539272,35466.49172813722,,inf,lead time 1 week
CA_1,2016-06-13,ML newsvendor,15703.0,14818.685796961883,884.3142030381181,15216.623353718991,827.2060517415507,594.0091143829385,34935.32249472258,,inf,lead time 1 week
CA_2,2016-04-04,ML newsvendor,14026.0,12954.109098836765,1071.8909011632354,8149.844663238029,372.73968518558667,944.9860544911171,33076.43643832784,,inf,lead time 1 week
CA_2,2016-04-11,ML newsvendor,13354.0,12469.783008131959,884.2169918680413,8503.274498309467,392.67140382568886,652.7272027654149,31710.729768310328,,inf,lead time 1 week
CA_2,2016-04-18,ML newsvendor,13787.0,13171.414386041928,615.5856139580716,8289.02589564386,389.04418973838256,481.3622769187976,33602.277610170575,,inf,lead time 1 week
CA_2,2016-05-02,ML newsvendor,14097.0,13148.715746213798,948.2842537862016,9023.345211360574,455.0260861822541,831.8492062288932,33263.18639515937,,inf,lead time 1 week
CA_2,2016-05-09,ML newsvendor,14330.0,13459.199923970249,870.8000760297506,8618.875831123834,443.1069506597026,722.9724392473454,34487.73610777523,,inf,lead time 1 week
CA_2,2016-05-16,ML newsvendor,14992.0,13993.606580835753,998.3934191642484,7655.150618660215,392.68940197105417,853.1216109261857,35613.791262373015,,inf,lead time 1 week
CA_2,2016-05-30,ML newsvendor,16183.0,14608.091256296717,1574.9087437032836,9420.00278787516,527.7773605174754,920.9192691463406,34799.45908919368,,inf,lead time 1 week
CA_2,2016-06-06,ML newsvendor,15360.0,13995.744239125183,1364.2557608748168,11726.70778645786,657.6771021586633,659.3445160084716,32406.443527416755,,inf,lead time 1 week
CA_2,2016-06-13,ML newsvendor,14503.0,13638.259072766432,864.740927233568,13904.268403781753,744.1997637138129,574.381801814814,31224.759717560544,,inf,lead time 1 week
CA_3,2016-04-04,ML newsvendor,21877.0,20921.61036448685,955.3896355131474,14631.369865684777,725.850745687977,753.9916048069842,51279.0602771914,,inf,lead time 1 week
CA_3,2016-04-11,ML newsvendor,20212.0,19195.614294803727,1016.3857051962715,12453.720737003376,600.4121441825891,791.4068798800463,48130.58554352649,,inf,lead time 1 week
CA_3,2016-04-18,ML newsvendor,19207.0,18679.982181858017,527.017818141983,14739.243483672548,679.3382267933597,440.0385803811688,47115.84036782192,,inf,lead time 1 week
CA_3,2016-05-02,ML newsvendor,19547.0,18874.84028360458,672.1597163954211,14972.98780131882,723.1433673309399,535.5034087825235,47670.855713201,,inf,lead time 1 week
CA_3,2016-05-09,ML newsvendor,19934.0,19137.293384381024,796.7066156189753,13418.017299842682,660.3881991212077,807.0679175609813,48155.33500837328,,inf,lead time 1 week
CA_3,2016-05-16,ML newsvendor,19252.0,18061.708155016066,1190.2918449839326,12370.394168799023,654.3255508175305,771.9763624972202,44877.55541274743,,inf,lead time 1 week
CA_3,2016-05-30,ML newsvendor,21019.0,19015.802117270498,2003.1978827295004,13959.579722260813,780.4764449529932,1198.57416053327,44357.60992010726,,inf,lead time 1 week
CA_3,2016-06-06,ML newsvendor,21211.0,19335.085312892246,1875.9146871077523,16089.380980553566,912.7387283655275,1271.1723878157156,42523.598724361254,,inf,lead time 1 week
CA_3,2016-06-13,ML newsvendor,18399.0,16902.084433049808,1496.9155669501938,18857.04097390687,1007.0695632029694,793.3482345551454,39424.88445544946,,inf,lead time 1 week
CA_4,2016-04-04,ML newsvendor,8100.0,7728.42990739221,371.57009260778983,7606.5596836474615,363.1026174002818,369.3930307185186,20580.809889230994,,inf,lead time 1 week
CA_4,2016-04-11,ML newsvendor,7719.0,7354.70463019765,364.2953698023514,7536.395415782172,358.8106643672488,313.8737195332442,19273.557112125312,,inf,lead time 1 week
CA_4,2016-04-18,ML newsvendor,8561.0,8179.537730828306,381.46226917169326,7349.637709322104,351.0000462076555,305.5811396213188,21859.476164537635,,inf,lead time 1 week
CA_4,2016-05-02,ML newsvendor,8048.0,7729.78594286628,318.21405713371996,7424.20952644713,367.159293580699,257.01547122261513,20590.52887766687,,inf,lead time 1 week
CA_4,2016-05-09,ML newsvendor,8671.0,8135.015102514075,535.9848974859258,6921.031627394944,354.91408814535913,419.4833348268563,21188.833629539084,,inf,lead time 1 week
CA_4,2016-05-16,ML newsvendor,8531.0,7990.1095401637285,540.8904598362717,6623.914543285311,353.802703997559,352.94565746601666,20821.278748739744,,inf,lead time 1 week
CA_4,2016-05-30,ML newsvendor,8988.0,8084.171671577725,903.8283284222748,7206.088189460269,395.18637443595264,610.0808663029447,19904.687088443512,,inf,lead time 1 week
CA_4,2016-06-06,ML newsvendor,8393.0,7899.634920308346,493.36507969165416,7885.5672241643315,449.17338348060787,332.22678918283964,19030.281663203557,,inf,lead time 1 week
CA_4,2016-06-13,ML newsvendor,8101.0,7637.159886713532,463.8401132864681,8796.72862207819,478.7215720061985,347.029435855889,18714.372349915426,,inf,lead time 1 week
CA_1,2016-04-04,ML + LP,16078.0,15258.84210279817,819.157897201831,11473.981541409634,570.2168981210289,525.6394793610976,38757.159792139966,,inf,lead time 1 week
CA_1,2016-04-11,ML + LP,14891.0,14198.920959281471,692.0790407185284,10922.106120130578,542.1735191100894,586.1116210048718,36167.270264314415,,inf,lead time 1 week
CA_1,2016-04-18,ML + LP,15342.0,14518.032097092717,823.9679029072818,11800.763526174906,567.2736965743632,608.8859346056464,37405.70016754849,,inf,lead time 1 week
CA_1,2016-05-02,ML + LP,16586.0,15615.898507757098,970.1014922429034,11430.797550427473,574.7086253661079,714.6078983573457,40048.262201410515,,inf,lead time 1 week
CA_1,2016-05-09,ML + LP,17114.0,15900.881975373004,1213.1180246269976,10775.377264842948,558.1179300137567,1094.2596263233008,39858.96358087979,,inf,lead time 1 week
CA_1,2016-05-16,ML + LP,16739.0,15401.491042356933,1337.5089576430662,10321.5566566976,547.454241945075,901.6824131312068,39404.25622179042,,inf,lead time 1 week
CA_1,2016-05-30,ML + LP,17326.0,16114.988779078063,1211.0112209219362,11875.655656290533,685.4393477733736,844.6355991987426,37837.548004637814,,inf,lead time 1 week
CA_1,2016-06-06,ML + LP,16447.0,15236.629209589115,1210.3707904108846,13445.528184916542,790.825961022809,749.1687888791336,35585.3764350532,,inf,lead time 1 week
CA_1,2016-06-13,ML + LP,15703.0,14871.081590969463,831.9184090305362,15755.926266382425,855.2615723618663,564.2931245218269,35034.37579425962,,inf,lead time 1 week
CA_2,2016-04-04,ML + LP,14026.0,13011.565129629846,1014.4348703701545,8560.187777555448,392.96610291693526,897.4098434378229,33235.02380850548,,inf,lead time 1 week
CA_2,2016-04-11,ML + LP,13354.0,12522.148435491625,831.8515645083754,8938.278167837889,414.2066867053195,612.7615941945799,31843.948463546443,,inf,lead time 1 week
CA_2,2016-04-18,ML + LP,13787.0,13233.401671704785,553.5983282952141,8733.679982112728,410.74933763519965,431.13360643748683,33769.706511774944,,inf,lead time 1 week
CA_2,2016-05-02,ML + LP,14097.0,13191.201076052399,905.7989239476009,9431.672876459092,474.87860688131775,793.7433889367287,33390.20578613325,,inf,lead time 1 week
CA_2,2016-05-09,ML + LP,14330.0,13496.088952548624,833.9110474513777,9043.860753894045,464.1034461036702,695.133847243239,34580.531414455574,,inf,lead time 1 week
CA_2,2016-05-16,ML + LP,14992.0,14052.737806391578,939.2621936084206,8060.3836912794595,412.8289555695709,808.2697354335378,35763.29751401517,,inf,lead time 1 week
CA_2,2016-05-30,ML + LP,16183.0,14705.912509893831,1477.0874901061688,9880.36379540907,550.8464595827157,860.769741541502,34999.957514543144,,inf,lead time 1 week
CA_2,2016-06-06,ML + LP,15360.0,14064.866638620348,1295.1333613796533,12198.463655807967,681.7750004570566,623.4022101469994,32526.25121362166,,inf,lead time 1 week
CA_2,2016-06-13,ML + LP,14503.0,13679.347270566925,823.6527294330749,14364.7339455683,768.0823032078583,544.8695728014989,31323.133814271594,,inf,lead time 1 week
CA_3,2016-04-04,ML + LP,21877.0,20969.78145313834,907.2185468616593,15215.196196100671,753.8338566944982,714.6812412257311,51410.09482246225,,inf,lead time 1 week
CA_3,2016-04-11,ML + LP,20212.0,19257.793534679804,954.2064653201951,13049.56358677031,629.6050862409567,749.744984710527,48269.45852742489,,inf,lead time 1 week
CA_3,2016-04-18,ML + LP,19207.0,18729.887885253043,477.112114746958,15355.067389069172,708.8337031982574,390.37062539526005,47281.40021777495,,inf,lead time 1 week
CA_3,2016-05-02,ML + LP,19547.0,18912.0354723062,634.9645276937993,15580.037152201112,751.2123100847604,502.6855790629885,47780.24847893279,,inf,lead time 1 week
CA_3,2016-05-09,ML + LP,19934.0,19188.244847768576,745.7551522314251,14062.451231104631,690.0467535009843,753.2166942622275,48334.83908603579,,inf,lead time 1 week
CA_3,2016-05-16,ML + LP,19252.0,18158.1353923056,1093.864607694401,12919.332128184134,681.6129611151493,711.3049318663752,45079.793514850244,,inf,lead time 1 week
CA_3,2016-05-30,ML + LP,21019.0,19119.907913656163,1899.092086343834,14518.64783064297,808.7507346179113,1132.7642042234413,44576.97644114002,,inf,lead time 1 week
CA_3,2016-06-06,ML + LP,21211.0,19433.81592465906,1777.184075340943,16682.806471498283,941.7702680517734,1211.3644611944255,42722.958479765555,,inf,lead time 1 week
CA_3,2016-06-13,ML + LP,18399.0,16967.91079325071,1431.0892067492896,19453.53192521535,1038.0945989168745,752.1836282317784,39562.09980986068,,inf,lead time 1 week
CA_4,2016-04-04,ML + LP,8100.0,7752.834819123978,347.1651808760213,7952.551769609332,379.98181085933334,344.93832110469907,20662.325587943727,,inf,lead time 1 week
CA_4,2016-04-11,ML + LP,7719.0,7381.3318545864495,337.6681454135499,7876.5095840721715,375.42448699181523,291.26127478607197,19348.931927949216,,inf,lead time 1 week
CA_4,2016-04-18,ML + LP,8561.0,8214.676219218363,346.32378078163777,7691.359123196552,367.95350580946206,278.1141897058871,21951.03266425574,,inf,lead time 1 week
CA_4,2016-05-02,ML + LP,8048.0,7760.519537868973,287.48046213102646,7778.310138064269,384.5466992321142,231.6283897671921,20675.15248251828,,inf,lead time 1 week
CA_4,2016-05-09,ML + LP,8671.0,8169.165520209317,501.8344797906831,7255.087116296374,371.46990754537376,389.97825461972866,21287.18389689618,,inf,lead time 1 week
CA_4,2016-05-16,ML + LP,8531.0,8018.427819970373,512.5721800296269,6964.155225223691,370.6812230160333,332.29721820055113,20890.106879624625,,inf,lead time 1 week
CA_4,2016-05-30,ML + LP,8988.0,8126.132017951499,861.8679820485008,7527.892416992478,411.3603568715535,579.9831410618643,20005.012839247116,,inf,lead time 1 week
CA_4,2016-06-06,ML + LP,8393.0,7931.912127867675,461.08787213232523,8220.999605287441,466.40777880797407,311.29691204446954,19100.047920331457,,inf,lead time 1 week
CA_4,2016-06-13,ML + LP,8101.0,7660.9675246994975,440.03247530050197,9122.457116060079,495.28704526574955,327.64398524990315,18778.990518602044,,inf,lead time 1 week
